date,year,month_no,month_name_en,quarter,quarter_start,year_month
01/07/2025,2025,7,Jul,Q3,"Tuesday, 1 July 2025",2025-07
02/07/2025,2025,7,Jul,Q3,"Tuesday, 1 July 2025",2025-07
03/07/2025,2025,7,Jul,Q3,"Tuesday, 1 July 2025",2025-07
04/07/2025,2025,7,Jul,Q3,"Tuesday, 1 July 2025",2025-07
05/07/2025,2025,7,Jul,Q3,"Tuesday, 1 July 2025",2025-07
06/07/2025,2025,7,Jul,Q3,"Tuesday, 1 July 2025",2025-07
07/07/2025,2025,7,Jul,Q3,"Tuesday, 1 July 2025",2025-07
08/07/2025,2025,7,Jul,Q3,"Tuesday, 1 July 2025",2025-07
09/07/2025,2025,7,Jul,Q3,"Tuesday, 1 July 2025",2025-07
10/07/2025,2025,7,Jul,Q3,"Tuesday, 1 July 2025",2025-07
11/07/2025,2025,7,Jul,Q3,"Tuesday, 1 July 2025",2025-07
12/07/2025,2025,7,Jul,Q3,"Tuesday, 1 July 2025",2025-07
13/07/2025,2025,7,Jul,Q3,"Tuesday, 1 July 2025",2025-07
14/07/2025,2025,7,Jul,Q3,"Tuesday, 1 July 2025",2025-07
15/07/2025,2025,7,Jul,Q3,"Tuesday, 1 July 2025",2025-07
16/07/2025,2025,7,Jul,Q3,"Tuesday, 1 July 2025",2025-07
17/07/2025,2025,7,Jul,Q3,"Tuesday, 1 July 2025",2025-07
18/07/2025,2025,7,Jul,Q3,"Tuesday, 1 July 2025",2025-07
19/07/2025,2025,7,Jul,Q3,"Tuesday, 1 July 2025",2025-07
20/07/2025,2025,7,Jul,Q3,"Tuesday, 1 July 2025",2025-07
21/07/2025,2025,7,Jul,Q3,"Tuesday, 1 July 2025",2025-07
22/07/2025,2025,7,Jul,Q3,"Tuesday, 1 July 2025",2025-07
23/07/2025,2025,7,Jul,Q3,"Tuesday, 1 July 2025",2025-07
24/07/2025,2025,7,Jul,Q3,"Tuesday, 1 July 2025",2025-07
25/07/2025,2025,7,Jul,Q3,"Tuesday, 1 July 2025",2025-07
26/07/2025,2025,7,Jul,Q3,"Tuesday, 1 July 2025",2025-07
27/07/2025,2025,7,Jul,Q3,"Tuesday, 1 July 2025",2025-07
28/07/2025,2025,7,Jul,Q3,"Tuesday, 1 July 2025",2025-07
29/07/2025,2025,7,Jul,Q3,"Tuesday, 1 July 2025",2025-07
30/07/2025,2025,7,Jul,Q3,"Tuesday, 1 July 2025",2025-07
31/07/2025,2025,7,Jul,Q3,"Tuesday, 1 July 2025",2025-07
01/08/2025,2025,8,Aug,Q3,"Tuesday, 1 July 2025",2025-08
02/08/2025,2025,8,Aug,Q3,"Tuesday, 1 July 2025",2025-08
03/08/2025,2025,8,Aug,Q3,"Tuesday, 1 July 2025",2025-08
04/08/2025,2025,8,Aug,Q3,"Tuesday, 1 July 2025",2025-08
05/08/2025,2025,8,Aug,Q3,"Tuesday, 1 July 2025",2025-08
06/08/2025,2025,8,Aug,Q3,"Tuesday, 1 July 2025",2025-08
07/08/2025,2025,8,Aug,Q3,"Tuesday, 1 July 2025",2025-08
08/08/2025,2025,8,Aug,Q3,"Tuesday, 1 July 2025",2025-08
09/08/2025,2025,8,Aug,Q3,"Tuesday, 1 July 2025",2025-08
10/08/2025,2025,8,Aug,Q3,"Tuesday, 1 July 2025",2025-08
11/08/2025,2025,8,Aug,Q3,"Tuesday, 1 July 2025",2025-08
12/08/2025,2025,8,Aug,Q3,"Tuesday, 1 July 2025",2025-08
13/08/2025,2025,8,Aug,Q3,"Tuesday, 1 July 2025",2025-08
14/08/2025,2025,8,Aug,Q3,"Tuesday, 1 July 2025",2025-08
15/08/2025,2025,8,Aug,Q3,"Tuesday, 1 July 2025",2025-08
16/08/2025,2025,8,Aug,Q3,"Tuesday, 1 July 2025",2025-08
17/08/2025,2025,8,Aug,Q3,"Tuesday, 1 July 2025",2025-08
18/08/2025,2025,8,Aug,Q3,"Tuesday, 1 July 2025",2025-08
19/08/2025,2025,8,Aug,Q3,"Tuesday, 1 July 2025",2025-08
20/08/2025,2025,8,Aug,Q3,"Tuesday, 1 July 2025",2025-08
21/08/2025,2025,8,Aug,Q3,"Tuesday, 1 July 2025",2025-08
22/08/2025,2025,8,Aug,Q3,"Tuesday, 1 July 2025",2025-08
23/08/2025,2025,8,Aug,Q3,"Tuesday, 1 July 2025",2025-08
24/08/2025,2025,8,Aug,Q3,"Tuesday, 1 July 2025",2025-08
25/08/2025,2025,8,Aug,Q3,"Tuesday, 1 July 2025",2025-08
26/08/2025,2025,8,Aug,Q3,"Tuesday, 1 July 2025",2025-08
27/08/2025,2025,8,Aug,Q3,"Tuesday, 1 July 2025",2025-08
28/08/2025,2025,8,Aug,Q3,"Tuesday, 1 July 2025",2025-08
29/08/2025,2025,8,Aug,Q3,"Tuesday, 1 July 2025",2025-08
30/08/2025,2025,8,Aug,Q3,"Tuesday, 1 July 2025",2025-08
31/08/2025,2025,8,Aug,Q3,"Tuesday, 1 July 2025",2025-08
01/09/2025,2025,9,Sep,Q3,"Tuesday, 1 July 2025",2025-09
02/09/2025,2025,9,Sep,Q3,"Tuesday, 1 July 2025",2025-09
03/09/2025,2025,9,Sep,Q3,"Tuesday, 1 July 2025",2025-09
04/09/2025,2025,9,Sep,Q3,"Tuesday, 1 July 2025",2025-09
05/09/2025,2025,9,Sep,Q3,"Tuesday, 1 July 2025",2025-09
06/09/2025,2025,9,Sep,Q3,"Tuesday, 1 July 2025",2025-09
07/09/2025,2025,9,Sep,Q3,"Tuesday, 1 July 2025",2025-09
08/09/2025,2025,9,Sep,Q3,"Tuesday, 1 July 2025",2025-09
09/09/2025,2025,9,Sep,Q3,"Tuesday, 1 July 2025",2025-09
10/09/2025,2025,9,Sep,Q3,"Tuesday, 1 July 2025",2025-09
11/09/2025,2025,9,Sep,Q3,"Tuesday, 1 July 2025",2025-09
12/09/2025,2025,9,Sep,Q3,"Tuesday, 1 July 2025",2025-09
13/09/2025,2025,9,Sep,Q3,"Tuesday, 1 July 2025",2025-09
14/09/2025,2025,9,Sep,Q3,"Tuesday, 1 July 2025",2025-09
15/09/2025,2025,9,Sep,Q3,"Tuesday, 1 July 2025",2025-09
16/09/2025,2025,9,Sep,Q3,"Tuesday, 1 July 2025",2025-09
17/09/2025,2025,9,Sep,Q3,"Tuesday, 1 July 2025",2025-09
18/09/2025,2025,9,Sep,Q3,"Tuesday, 1 July 2025",2025-09
19/09/2025,2025,9,Sep,Q3,"Tuesday, 1 July 2025",2025-09
20/09/2025,2025,9,Sep,Q3,"Tuesday, 1 July 2025",2025-09
21/09/2025,2025,9,Sep,Q3,"Tuesday, 1 July 2025",2025-09
22/09/2025,2025,9,Sep,Q3,"Tuesday, 1 July 2025",2025-09
23/09/2025,2025,9,Sep,Q3,"Tuesday, 1 July 2025",2025-09
24/09/2025,2025,9,Sep,Q3,"Tuesday, 1 July 2025",2025-09
25/09/2025,2025,9,Sep,Q3,"Tuesday, 1 July 2025",2025-09
26/09/2025,2025,9,Sep,Q3,"Tuesday, 1 July 2025",2025-09
27/09/2025,2025,9,Sep,Q3,"Tuesday, 1 July 2025",2025-09
28/09/2025,2025,9,Sep,Q3,"Tuesday, 1 July 2025",2025-09
29/09/2025,2025,9,Sep,Q3,"Tuesday, 1 July 2025",2025-09
30/09/2025,2025,9,Sep,Q3,"Tuesday, 1 July 2025",2025-09
01/04/2025,2025,4,Apr,Q2,"Tuesday, 1 April 2025",2025-04
02/04/2025,2025,4,Apr,Q2,"Tuesday, 1 April 2025",2025-04
03/04/2025,2025,4,Apr,Q2,"Tuesday, 1 April 2025",2025-04
04/04/2025,2025,4,Apr,Q2,"Tuesday, 1 April 2025",2025-04
05/04/2025,2025,4,Apr,Q2,"Tuesday, 1 April 2025",2025-04
06/04/2025,2025,4,Apr,Q2,"Tuesday, 1 April 2025",2025-04
07/04/2025,2025,4,Apr,Q2,"Tuesday, 1 April 2025",2025-04
08/04/2025,2025,4,Apr,Q2,"Tuesday, 1 April 2025",2025-04
09/04/2025,2025,4,Apr,Q2,"Tuesday, 1 April 2025",2025-04
10/04/2025,2025,4,Apr,Q2,"Tuesday, 1 April 2025",2025-04
11/04/2025,2025,4,Apr,Q2,"Tuesday, 1 April 2025",2025-04
12/04/2025,2025,4,Apr,Q2,"Tuesday, 1 April 2025",2025-04
13/04/2025,2025,4,Apr,Q2,"Tuesday, 1 April 2025",2025-04
14/04/2025,2025,4,Apr,Q2,"Tuesday, 1 April 2025",2025-04
15/04/2025,2025,4,Apr,Q2,"Tuesday, 1 April 2025",2025-04
16/04/2025,2025,4,Apr,Q2,"Tuesday, 1 April 2025",2025-04
17/04/2025,2025,4,Apr,Q2,"Tuesday, 1 April 2025",2025-04
18/04/2025,2025,4,Apr,Q2,"Tuesday, 1 April 2025",2025-04
19/04/2025,2025,4,Apr,Q2,"Tuesday, 1 April 2025",2025-04
20/04/2025,2025,4,Apr,Q2,"Tuesday, 1 April 2025",2025-04
21/04/2025,2025,4,Apr,Q2,"Tuesday, 1 April 2025",2025-04
22/04/2025,2025,4,Apr,Q2,"Tuesday, 1 April 2025",2025-04
23/04/2025,2025,4,Apr,Q2,"Tuesday, 1 April 2025",2025-04
24/04/2025,2025,4,Apr,Q2,"Tuesday, 1 April 2025",2025-04
25/04/2025,2025,4,Apr,Q2,"Tuesday, 1 April 2025",2025-04
26/04/2025,2025,4,Apr,Q2,"Tuesday, 1 April 2025",2025-04
27/04/2025,2025,4,Apr,Q2,"Tuesday, 1 April 2025",2025-04
28/04/2025,2025,4,Apr,Q2,"Tuesday, 1 April 2025",2025-04
29/04/2025,2025,4,Apr,Q2,"Tuesday, 1 April 2025",2025-04
30/04/2025,2025,4,Apr,Q2,"Tuesday, 1 April 2025",2025-04
01/05/2025,2025,5,May,Q2,"Tuesday, 1 April 2025",2025-05
02/05/2025,2025,5,May,Q2,"Tuesday, 1 April 2025",2025-05
03/05/2025,2025,5,May,Q2,"Tuesday, 1 April 2025",2025-05
04/05/2025,2025,5,May,Q2,"Tuesday, 1 April 2025",2025-05
05/05/2025,2025,5,May,Q2,"Tuesday, 1 April 2025",2025-05
06/05/2025,2025,5,May,Q2,"Tuesday, 1 April 2025",2025-05
07/05/2025,2025,5,May,Q2,"Tuesday, 1 April 2025",2025-05
08/05/2025,2025,5,May,Q2,"Tuesday, 1 April 2025",2025-05
09/05/2025,2025,5,May,Q2,"Tuesday, 1 April 2025",2025-05
10/05/2025,2025,5,May,Q2,"Tuesday, 1 April 2025",2025-05
11/05/2025,2025,5,May,Q2,"Tuesday, 1 April 2025",2025-05
12/05/2025,2025,5,May,Q2,"Tuesday, 1 April 2025",2025-05
13/05/2025,2025,5,May,Q2,"Tuesday, 1 April 2025",2025-05
14/05/2025,2025,5,May,Q2,"Tuesday, 1 April 2025",2025-05
15/05/2025,2025,5,May,Q2,"Tuesday, 1 April 2025",2025-05
16/05/2025,2025,5,May,Q2,"Tuesday, 1 April 2025",2025-05
17/05/2025,2025,5,May,Q2,"Tuesday, 1 April 2025",2025-05
18/05/2025,2025,5,May,Q2,"Tuesday, 1 April 2025",2025-05
19/05/2025,2025,5,May,Q2,"Tuesday, 1 April 2025",2025-05
20/05/2025,2025,5,May,Q2,"Tuesday, 1 April 2025",2025-05
21/05/2025,2025,5,May,Q2,"Tuesday, 1 April 2025",2025-05
22/05/2025,2025,5,May,Q2,"Tuesday, 1 April 2025",2025-05
23/05/2025,2025,5,May,Q2,"Tuesday, 1 April 2025",2025-05
24/05/2025,2025,5,May,Q2,"Tuesday, 1 April 2025",2025-05
25/05/2025,2025,5,May,Q2,"Tuesday, 1 April 2025",2025-05
26/05/2025,2025,5,May,Q2,"Tuesday, 1 April 2025",2025-05
27/05/2025,2025,5,May,Q2,"Tuesday, 1 April 2025",2025-05
28/05/2025,2025,5,May,Q2,"Tuesday, 1 April 2025",2025-05
29/05/2025,2025,5,May,Q2,"Tuesday, 1 April 2025",2025-05
30/05/2025,2025,5,May,Q2,"Tuesday, 1 April 2025",2025-05
31/05/2025,2025,5,May,Q2,"Tuesday, 1 April 2025",2025-05
01/06/2025,2025,6,Jun,Q2,"Tuesday, 1 April 2025",2025-06
02/06/2025,2025,6,Jun,Q2,"Tuesday, 1 April 2025",2025-06
03/06/2025,2025,6,Jun,Q2,"Tuesday, 1 April 2025",2025-06
04/06/2025,2025,6,Jun,Q2,"Tuesday, 1 April 2025",2025-06
05/06/2025,2025,6,Jun,Q2,"Tuesday, 1 April 2025",2025-06
06/06/2025,2025,6,Jun,Q2,"Tuesday, 1 April 2025",2025-06
07/06/2025,2025,6,Jun,Q2,"Tuesday, 1 April 2025",2025-06
08/06/2025,2025,6,Jun,Q2,"Tuesday, 1 April 2025",2025-06
09/06/2025,2025,6,Jun,Q2,"Tuesday, 1 April 2025",2025-06
10/06/2025,2025,6,Jun,Q2,"Tuesday, 1 April 2025",2025-06
11/06/2025,2025,6,Jun,Q2,"Tuesday, 1 April 2025",2025-06
12/06/2025,2025,6,Jun,Q2,"Tuesday, 1 April 2025",2025-06
13/06/2025,2025,6,Jun,Q2,"Tuesday, 1 April 2025",2025-06
14/06/2025,2025,6,Jun,Q2,"Tuesday, 1 April 2025",2025-06
15/06/2025,2025,6,Jun,Q2,"Tuesday, 1 April 2025",2025-06
16/06/2025,2025,6,Jun,Q2,"Tuesday, 1 April 2025",2025-06
17/06/2025,2025,6,Jun,Q2,"Tuesday, 1 April 2025",2025-06
18/06/2025,2025,6,Jun,Q2,"Tuesday, 1 April 2025",2025-06
19/06/2025,2025,6,Jun,Q2,"Tuesday, 1 April 2025",2025-06
20/06/2025,2025,6,Jun,Q2,"Tuesday, 1 April 2025",2025-06
21/06/2025,2025,6,Jun,Q2,"Tuesday, 1 April 2025",2025-06
22/06/2025,2025,6,Jun,Q2,"Tuesday, 1 April 2025",2025-06
23/06/2025,2025,6,Jun,Q2,"Tuesday, 1 April 2025",2025-06
24/06/2025,2025,6,Jun,Q2,"Tuesday, 1 April 2025",2025-06
25/06/2025,2025,6,Jun,Q2,"Tuesday, 1 April 2025",2025-06
26/06/2025,2025,6,Jun,Q2,"Tuesday, 1 April 2025",2025-06
27/06/2025,2025,6,Jun,Q2,"Tuesday, 1 April 2025",2025-06
28/06/2025,2025,6,Jun,Q2,"Tuesday, 1 April 2025",2025-06
29/06/2025,2025,6,Jun,Q2,"Tuesday, 1 April 2025",2025-06
30/06/2025,2025,6,Jun,Q2,"Tuesday, 1 April 2025",2025-06
01/10/2025,2025,10,Oct,Q4,"Wednesday, 1 October 2025",2025-10
02/10/2025,2025,10,Oct,Q4,"Wednesday, 1 October 2025",2025-10
03/10/2025,2025,10,Oct,Q4,"Wednesday, 1 October 2025",2025-10
04/10/2025,2025,10,Oct,Q4,"Wednesday, 1 October 2025",2025-10
05/10/2025,2025,10,Oct,Q4,"Wednesday, 1 October 2025",2025-10
06/10/2025,2025,10,Oct,Q4,"Wednesday, 1 October 2025",2025-10
07/10/2025,2025,10,Oct,Q4,"Wednesday, 1 October 2025",2025-10
08/10/2025,2025,10,Oct,Q4,"Wednesday, 1 October 2025",2025-10
09/10/2025,2025,10,Oct,Q4,"Wednesday, 1 October 2025",2025-10
10/10/2025,2025,10,Oct,Q4,"Wednesday, 1 October 2025",2025-10
11/10/2025,2025,10,Oct,Q4,"Wednesday, 1 October 2025",2025-10
12/10/2025,2025,10,Oct,Q4,"Wednesday, 1 October 2025",2025-10
13/10/2025,2025,10,Oct,Q4,"Wednesday, 1 October 2025",2025-10
14/10/2025,2025,10,Oct,Q4,"Wednesday, 1 October 2025",2025-10
15/10/2025,2025,10,Oct,Q4,"Wednesday, 1 October 2025",2025-10
16/10/2025,2025,10,Oct,Q4,"Wednesday, 1 October 2025",2025-10
17/10/2025,2025,10,Oct,Q4,"Wednesday, 1 October 2025",2025-10
18/10/2025,2025,10,Oct,Q4,"Wednesday, 1 October 2025",2025-10
19/10/2025,2025,10,Oct,Q4,"Wednesday, 1 October 2025",2025-10
20/10/2025,2025,10,Oct,Q4,"Wednesday, 1 October 2025",2025-10
21/10/2025,2025,10,Oct,Q4,"Wednesday, 1 October 2025",2025-10
22/10/2025,2025,10,Oct,Q4,"Wednesday, 1 October 2025",2025-10
23/10/2025,2025,10,Oct,Q4,"Wednesday, 1 October 2025",2025-10
24/10/2025,2025,10,Oct,Q4,"Wednesday, 1 October 2025",2025-10
25/10/2025,2025,10,Oct,Q4,"Wednesday, 1 October 2025",2025-10
26/10/2025,2025,10,Oct,Q4,"Wednesday, 1 October 2025",2025-10
27/10/2025,2025,10,Oct,Q4,"Wednesday, 1 October 2025",2025-10
28/10/2025,2025,10,Oct,Q4,"Wednesday, 1 October 2025",2025-10
29/10/2025,2025,10,Oct,Q4,"Wednesday, 1 October 2025",2025-10
30/10/2025,2025,10,Oct,Q4,"Wednesday, 1 October 2025",2025-10
31/10/2025,2025,10,Oct,Q4,"Wednesday, 1 October 2025",2025-10
01/11/2025,2025,11,Nov,Q4,"Wednesday, 1 October 2025",2025-11
02/11/2025,2025,11,Nov,Q4,"Wednesday, 1 October 2025",2025-11
03/11/2025,2025,11,Nov,Q4,"Wednesday, 1 October 2025",2025-11
04/11/2025,2025,11,Nov,Q4,"Wednesday, 1 October 2025",2025-11
05/11/2025,2025,11,Nov,Q4,"Wednesday, 1 October 2025",2025-11
06/11/2025,2025,11,Nov,Q4,"Wednesday, 1 October 2025",2025-11
07/11/2025,2025,11,Nov,Q4,"Wednesday, 1 October 2025",2025-11
08/11/2025,2025,11,Nov,Q4,"Wednesday, 1 October 2025",2025-11
09/11/2025,2025,11,Nov,Q4,"Wednesday, 1 October 2025",2025-11
10/11/2025,2025,11,Nov,Q4,"Wednesday, 1 October 2025",2025-11
11/11/2025,2025,11,Nov,Q4,"Wednesday, 1 October 2025",2025-11
12/11/2025,2025,11,Nov,Q4,"Wednesday, 1 October 2025",2025-11
13/11/2025,2025,11,Nov,Q4,"Wednesday, 1 October 2025",2025-11
14/11/2025,2025,11,Nov,Q4,"Wednesday, 1 October 2025",2025-11
15/11/2025,2025,11,Nov,Q4,"Wednesday, 1 October 2025",2025-11
16/11/2025,2025,11,Nov,Q4,"Wednesday, 1 October 2025",2025-11
17/11/2025,2025,11,Nov,Q4,"Wednesday, 1 October 2025",2025-11
18/11/2025,2025,11,Nov,Q4,"Wednesday, 1 October 2025",2025-11
19/11/2025,2025,11,Nov,Q4,"Wednesday, 1 October 2025",2025-11
20/11/2025,2025,11,Nov,Q4,"Wednesday, 1 October 2025",2025-11
21/11/2025,2025,11,Nov,Q4,"Wednesday, 1 October 2025",2025-11
22/11/2025,2025,11,Nov,Q4,"Wednesday, 1 October 2025",2025-11
23/11/2025,2025,11,Nov,Q4,"Wednesday, 1 October 2025",2025-11
24/11/2025,2025,11,Nov,Q4,"Wednesday, 1 October 2025",2025-11
25/11/2025,2025,11,Nov,Q4,"Wednesday, 1 October 2025",2025-11
26/11/2025,2025,11,Nov,Q4,"Wednesday, 1 October 2025",2025-11
27/11/2025,2025,11,Nov,Q4,"Wednesday, 1 October 2025",2025-11
28/11/2025,2025,11,Nov,Q4,"Wednesday, 1 October 2025",2025-11
29/11/2025,2025,11,Nov,Q4,"Wednesday, 1 October 2025",2025-11
30/11/2025,2025,11,Nov,Q4,"Wednesday, 1 October 2025",2025-11
01/12/2025,2025,12,Dec,Q4,"Wednesday, 1 October 2025",2025-12
02/12/2025,2025,12,Dec,Q4,"Wednesday, 1 October 2025",2025-12
03/12/2025,2025,12,Dec,Q4,"Wednesday, 1 October 2025",2025-12
04/12/2025,2025,12,Dec,Q4,"Wednesday, 1 October 2025",2025-12
05/12/2025,2025,12,Dec,Q4,"Wednesday, 1 October 2025",2025-12
06/12/2025,2025,12,Dec,Q4,"Wednesday, 1 October 2025",2025-12
07/12/2025,2025,12,Dec,Q4,"Wednesday, 1 October 2025",2025-12
08/12/2025,2025,12,Dec,Q4,"Wednesday, 1 October 2025",2025-12
09/12/2025,2025,12,Dec,Q4,"Wednesday, 1 October 2025",2025-12
10/12/2025,2025,12,Dec,Q4,"Wednesday, 1 October 2025",2025-12
11/12/2025,2025,12,Dec,Q4,"Wednesday, 1 October 2025",2025-12
12/12/2025,2025,12,Dec,Q4,"Wednesday, 1 October 2025",2025-12
13/12/2025,2025,12,Dec,Q4,"Wednesday, 1 October 2025",2025-12
14/12/2025,2025,12,Dec,Q4,"Wednesday, 1 October 2025",2025-12
15/12/2025,2025,12,Dec,Q4,"Wednesday, 1 October 2025",2025-12
16/12/2025,2025,12,Dec,Q4,"Wednesday, 1 October 2025",2025-12
17/12/2025,2025,12,Dec,Q4,"Wednesday, 1 October 2025",2025-12
18/12/2025,2025,12,Dec,Q4,"Wednesday, 1 October 2025",2025-12
19/12/2025,2025,12,Dec,Q4,"Wednesday, 1 October 2025",2025-12
20/12/2025,2025,12,Dec,Q4,"Wednesday, 1 October 2025",2025-12
21/12/2025,2025,12,Dec,Q4,"Wednesday, 1 October 2025",2025-12
22/12/2025,2025,12,Dec,Q4,"Wednesday, 1 October 2025",2025-12
23/12/2025,2025,12,Dec,Q4,"Wednesday, 1 October 2025",2025-12
24/12/2025,2025,12,Dec,Q4,"Wednesday, 1 October 2025",2025-12
25/12/2025,2025,12,Dec,Q4,"Wednesday, 1 October 2025",2025-12
26/12/2025,2025,12,Dec,Q4,"Wednesday, 1 October 2025",2025-12
27/12/2025,2025,12,Dec,Q4,"Wednesday, 1 October 2025",2025-12
28/12/2025,2025,12,Dec,Q4,"Wednesday, 1 October 2025",2025-12
29/12/2025,2025,12,Dec,Q4,"Wednesday, 1 October 2025",2025-12
30/12/2025,2025,12,Dec,Q4,"Wednesday, 1 October 2025",2025-12
31/12/2025,2025,12,Dec,Q4,"Wednesday, 1 October 2025",2025-12
01/01/2025,2025,1,Jan,Q1,"Wednesday, 1 January 2025",2025-01
02/01/2025,2025,1,Jan,Q1,"Wednesday, 1 January 2025",2025-01
03/01/2025,2025,1,Jan,Q1,"Wednesday, 1 January 2025",2025-01
04/01/2025,2025,1,Jan,Q1,"Wednesday, 1 January 2025",2025-01
05/01/2025,2025,1,Jan,Q1,"Wednesday, 1 January 2025",2025-01
06/01/2025,2025,1,Jan,Q1,"Wednesday, 1 January 2025",2025-01
07/01/2025,2025,1,Jan,Q1,"Wednesday, 1 January 2025",2025-01
08/01/2025,2025,1,Jan,Q1,"Wednesday, 1 January 2025",2025-01
09/01/2025,2025,1,Jan,Q1,"Wednesday, 1 January 2025",2025-01
10/01/2025,2025,1,Jan,Q1,"Wednesday, 1 January 2025",2025-01
11/01/2025,2025,1,Jan,Q1,"Wednesday, 1 January 2025",2025-01
12/01/2025,2025,1,Jan,Q1,"Wednesday, 1 January 2025",2025-01
13/01/2025,2025,1,Jan,Q1,"Wednesday, 1 January 2025",2025-01
14/01/2025,2025,1,Jan,Q1,"Wednesday, 1 January 2025",2025-01
15/01/2025,2025,1,Jan,Q1,"Wednesday, 1 January 2025",2025-01
16/01/2025,2025,1,Jan,Q1,"Wednesday, 1 January 2025",2025-01
17/01/2025,2025,1,Jan,Q1,"Wednesday, 1 January 2025",2025-01
18/01/2025,2025,1,Jan,Q1,"Wednesday, 1 January 2025",2025-01
19/01/2025,2025,1,Jan,Q1,"Wednesday, 1 January 2025",2025-01
20/01/2025,2025,1,Jan,Q1,"Wednesday, 1 January 2025",2025-01
21/01/2025,2025,1,Jan,Q1,"Wednesday, 1 January 2025",2025-01
22/01/2025,2025,1,Jan,Q1,"Wednesday, 1 January 2025",2025-01
23/01/2025,2025,1,Jan,Q1,"Wednesday, 1 January 2025",2025-01
24/01/2025,2025,1,Jan,Q1,"Wednesday, 1 January 2025",2025-01
25/01/2025,2025,1,Jan,Q1,"Wednesday, 1 January 2025",2025-01
26/01/2025,2025,1,Jan,Q1,"Wednesday, 1 January 2025",2025-01
27/01/2025,2025,1,Jan,Q1,"Wednesday, 1 January 2025",2025-01
28/01/2025,2025,1,Jan,Q1,"Wednesday, 1 January 2025",2025-01
29/01/2025,2025,1,Jan,Q1,"Wednesday, 1 January 2025",2025-01
30/01/2025,2025,1,Jan,Q1,"Wednesday, 1 January 2025",2025-01
31/01/2025,2025,1,Jan,Q1,"Wednesday, 1 January 2025",2025-01
01/02/2025,2025,2,Feb,Q1,"Wednesday, 1 January 2025",2025-02
02/02/2025,2025,2,Feb,Q1,"Wednesday, 1 January 2025",2025-02
03/02/2025,2025,2,Feb,Q1,"Wednesday, 1 January 2025",2025-02
04/02/2025,2025,2,Feb,Q1,"Wednesday, 1 January 2025",2025-02
05/02/2025,2025,2,Feb,Q1,"Wednesday, 1 January 2025",2025-02
06/02/2025,2025,2,Feb,Q1,"Wednesday, 1 January 2025",2025-02
07/02/2025,2025,2,Feb,Q1,"Wednesday, 1 January 2025",2025-02
08/02/2025,2025,2,Feb,Q1,"Wednesday, 1 January 2025",2025-02
09/02/2025,2025,2,Feb,Q1,"Wednesday, 1 January 2025",2025-02
10/02/2025,2025,2,Feb,Q1,"Wednesday, 1 January 2025",2025-02
11/02/2025,2025,2,Feb,Q1,"Wednesday, 1 January 2025",2025-02
12/02/2025,2025,2,Feb,Q1,"Wednesday, 1 January 2025",2025-02
13/02/2025,2025,2,Feb,Q1,"Wednesday, 1 January 2025",2025-02
14/02/2025,2025,2,Feb,Q1,"Wednesday, 1 January 2025",2025-02
15/02/2025,2025,2,Feb,Q1,"Wednesday, 1 January 2025",2025-02
16/02/2025,2025,2,Feb,Q1,"Wednesday, 1 January 2025",2025-02
17/02/2025,2025,2,Feb,Q1,"Wednesday, 1 January 2025",2025-02
18/02/2025,2025,2,Feb,Q1,"Wednesday, 1 January 2025",2025-02
19/02/2025,2025,2,Feb,Q1,"Wednesday, 1 January 2025",2025-02
20/02/2025,2025,2,Feb,Q1,"Wednesday, 1 January 2025",2025-02
21/02/2025,2025,2,Feb,Q1,"Wednesday, 1 January 2025",2025-02
22/02/2025,2025,2,Feb,Q1,"Wednesday, 1 January 2025",2025-02
23/02/2025,2025,2,Feb,Q1,"Wednesday, 1 January 2025",2025-02
24/02/2025,2025,2,Feb,Q1,"Wednesday, 1 January 2025",2025-02
25/02/2025,2025,2,Feb,Q1,"Wednesday, 1 January 2025",2025-02
26/02/2025,2025,2,Feb,Q1,"Wednesday, 1 January 2025",2025-02
27/02/2025,2025,2,Feb,Q1,"Wednesday, 1 January 2025",2025-02
28/02/2025,2025,2,Feb,Q1,"Wednesday, 1 January 2025",2025-02
01/03/2025,2025,3,Mar,Q1,"Wednesday, 1 January 2025",2025-03
02/03/2025,2025,3,Mar,Q1,"Wednesday, 1 January 2025",2025-03
03/03/2025,2025,3,Mar,Q1,"Wednesday, 1 January 2025",2025-03
04/03/2025,2025,3,Mar,Q1,"Wednesday, 1 January 2025",2025-03
05/03/2025,2025,3,Mar,Q1,"Wednesday, 1 January 2025",2025-03
06/03/2025,2025,3,Mar,Q1,"Wednesday, 1 January 2025",2025-03
07/03/2025,2025,3,Mar,Q1,"Wednesday, 1 January 2025",2025-03
08/03/2025,2025,3,Mar,Q1,"Wednesday, 1 January 2025",2025-03
09/03/2025,2025,3,Mar,Q1,"Wednesday, 1 January 2025",2025-03
10/03/2025,2025,3,Mar,Q1,"Wednesday, 1 January 2025",2025-03
11/03/2025,2025,3,Mar,Q1,"Wednesday, 1 January 2025",2025-03
12/03/2025,2025,3,Mar,Q1,"Wednesday, 1 January 2025",2025-03
13/03/2025,2025,3,Mar,Q1,"Wednesday, 1 January 2025",2025-03
14/03/2025,2025,3,Mar,Q1,"Wednesday, 1 January 2025",2025-03
15/03/2025,2025,3,Mar,Q1,"Wednesday, 1 January 2025",2025-03
16/03/2025,2025,3,Mar,Q1,"Wednesday, 1 January 2025",2025-03
17/03/2025,2025,3,Mar,Q1,"Wednesday, 1 January 2025",2025-03
18/03/2025,2025,3,Mar,Q1,"Wednesday, 1 January 2025",2025-03
19/03/2025,2025,3,Mar,Q1,"Wednesday, 1 January 2025",2025-03
20/03/2025,2025,3,Mar,Q1,"Wednesday, 1 January 2025",2025-03
21/03/2025,2025,3,Mar,Q1,"Wednesday, 1 January 2025",2025-03
22/03/2025,2025,3,Mar,Q1,"Wednesday, 1 January 2025",2025-03
23/03/2025,2025,3,Mar,Q1,"Wednesday, 1 January 2025",2025-03
24/03/2025,2025,3,Mar,Q1,"Wednesday, 1 January 2025",2025-03
25/03/2025,2025,3,Mar,Q1,"Wednesday, 1 January 2025",2025-03
26/03/2025,2025,3,Mar,Q1,"Wednesday, 1 January 2025",2025-03
27/03/2025,2025,3,Mar,Q1,"Wednesday, 1 January 2025",2025-03
28/03/2025,2025,3,Mar,Q1,"Wednesday, 1 January 2025",2025-03
29/03/2025,2025,3,Mar,Q1,"Wednesday, 1 January 2025",2025-03
30/03/2025,2025,3,Mar,Q1,"Wednesday, 1 January 2025",2025-03
31/03/2025,2025,3,Mar,Q1,"Wednesday, 1 January 2025",2025-03