date,channel,spend
"Wednesday, 1 January 2025",Paid Search,476.46
"Thursday, 2 January 2025",Paid Search,468.9
"Friday, 3 January 2025",Paid Search,490.68
"Saturday, 4 January 2025",Paid Search,489.79
"Sunday, 5 January 2025",Paid Search,405.11
"Monday, 6 January 2025",Paid Search,448.49
"Tuesday, 7 January 2025",Paid Search,531.07
"Wednesday, 8 January 2025",Paid Search,495.09
"Thursday, 9 January 2025",Paid Search,448.19
"Friday, 10 January 2025",Paid Search,496.34
"Saturday, 11 January 2025",Paid Search,414.02
"Sunday, 12 January 2025",Paid Search,425.47
"Monday, 13 January 2025",Paid Search,481.5
"Tuesday, 14 January 2025",Paid Search,412.89
"Wednesday, 15 January 2025",Paid Search,386.1
"Thursday, 16 January 2025",Paid Search,437.47
"Friday, 17 January 2025",Paid Search,418.45
"Saturday, 18 January 2025",Paid Search,416.28
"Sunday, 19 January 2025",Paid Search,394.07
"Monday, 20 January 2025",Paid Search,412.04
"Tuesday, 21 January 2025",Paid Search,523.47
"Wednesday, 22 January 2025",Paid Search,461.52
"Thursday, 23 January 2025",Paid Search,488.69
"Friday, 24 January 2025",Paid Search,413.81
"Saturday, 25 January 2025",Paid Search,404.72
"Sunday, 26 January 2025",Paid Search,402.29
"Monday, 27 January 2025",Paid Search,422.24
"Tuesday, 28 January 2025",Paid Search,462.78
"Wednesday, 29 January 2025",Paid Search,470.31
"Thursday, 30 January 2025",Paid Search,454.12
"Friday, 31 January 2025",Paid Search,443.57
"Saturday, 1 February 2025",Paid Search,414.22
"Sunday, 2 February 2025",Paid Search,382.12
"Monday, 3 February 2025",Paid Search,378.84
"Tuesday, 4 February 2025",Paid Search,444.01
"Wednesday, 5 February 2025",Paid Search,359.78
"Thursday, 6 February 2025",Paid Search,411.38
"Friday, 7 February 2025",Paid Search,336.85
"Saturday, 8 February 2025",Paid Search,341.91
"Sunday, 9 February 2025",Paid Search,373.69
"Monday, 10 February 2025",Paid Search,437.5
"Tuesday, 11 February 2025",Paid Search,411
"Wednesday, 12 February 2025",Paid Search,410.02
"Thursday, 13 February 2025",Paid Search,399.13
"Friday, 14 February 2025",Paid Search,365.63
"Saturday, 15 February 2025",Paid Search,374.51
"Sunday, 16 February 2025",Paid Search,357.37
"Monday, 17 February 2025",Paid Search,433.39
"Tuesday, 18 February 2025",Paid Search,438.32
"Wednesday, 19 February 2025",Paid Search,354.13
"Thursday, 20 February 2025",Paid Search,418.73
"Friday, 21 February 2025",Paid Search,426.32
"Saturday, 22 February 2025",Paid Search,363.82
"Sunday, 23 February 2025",Paid Search,406.92
"Monday, 24 February 2025",Paid Search,448.34
"Tuesday, 25 February 2025",Paid Search,462.19
"Wednesday, 26 February 2025",Paid Search,399.97
"Thursday, 27 February 2025",Paid Search,399.9
"Friday, 28 February 2025",Paid Search,440.41
"Saturday, 1 March 2025",Paid Search,444.45
"Sunday, 2 March 2025",Paid Search,394.11
"Monday, 3 March 2025",Paid Search,422.05
"Tuesday, 4 March 2025",Paid Search,400.32
"Wednesday, 5 March 2025",Paid Search,412.91
"Thursday, 6 March 2025",Paid Search,456.32
"Friday, 7 March 2025",Paid Search,470.72
"Saturday, 8 March 2025",Paid Search,374.17
"Sunday, 9 March 2025",Paid Search,430.22
"Monday, 10 March 2025",Paid Search,464.04
"Tuesday, 11 March 2025",Paid Search,429.78
"Wednesday, 12 March 2025",Paid Search,440.56
"Thursday, 13 March 2025",Paid Search,514.29
"Friday, 14 March 2025",Paid Search,420.88
"Saturday, 15 March 2025",Paid Search,437.51
"Sunday, 16 March 2025",Paid Search,319.76
"Monday, 17 March 2025",Paid Search,474.96
"Tuesday, 18 March 2025",Paid Search,438.77
"Wednesday, 19 March 2025",Paid Search,410.61
"Thursday, 20 March 2025",Paid Search,436.02
"Friday, 21 March 2025",Paid Search,368.24
"Saturday, 22 March 2025",Paid Search,404.54
"Sunday, 23 March 2025",Paid Search,422.42
"Monday, 24 March 2025",Paid Search,467.75
"Tuesday, 25 March 2025",Paid Search,417.69
"Wednesday, 26 March 2025",Paid Search,398.1
"Thursday, 27 March 2025",Paid Search,428.16
"Friday, 28 March 2025",Paid Search,477.89
"Saturday, 29 March 2025",Paid Search,397.38
"Sunday, 30 March 2025",Paid Search,393.02
"Monday, 31 March 2025",Paid Search,445.1
"Tuesday, 1 April 2025",Paid Search,444.76
"Wednesday, 2 April 2025",Paid Search,476.16
"Thursday, 3 April 2025",Paid Search,402.32
"Friday, 4 April 2025",Paid Search,433.56
"Saturday, 5 April 2025",Paid Search,393.51
"Sunday, 6 April 2025",Paid Search,372.7
"Monday, 7 April 2025",Paid Search,451.75
"Tuesday, 8 April 2025",Paid Search,456.9
"Wednesday, 9 April 2025",Paid Search,450.21
"Thursday, 10 April 2025",Paid Search,445.33
"Friday, 11 April 2025",Paid Search,402.29
"Saturday, 12 April 2025",Paid Search,410.9
"Sunday, 13 April 2025",Paid Search,416.81
"Monday, 14 April 2025",Paid Search,417.09
"Tuesday, 15 April 2025",Paid Search,432.54
"Wednesday, 16 April 2025",Paid Search,458.99
"Thursday, 17 April 2025",Paid Search,478.32
"Friday, 18 April 2025",Paid Search,443.51
"Saturday, 19 April 2025",Paid Search,430.11
"Sunday, 20 April 2025",Paid Search,427.59
"Monday, 21 April 2025",Paid Search,376.61
"Tuesday, 22 April 2025",Paid Search,453.6
"Wednesday, 23 April 2025",Paid Search,462.32
"Thursday, 24 April 2025",Paid Search,578.07
"Friday, 25 April 2025",Paid Search,446.97
"Saturday, 26 April 2025",Paid Search,421.7
"Sunday, 27 April 2025",Paid Search,405.04
"Monday, 28 April 2025",Paid Search,377.97
"Tuesday, 29 April 2025",Paid Search,495.31
"Wednesday, 30 April 2025",Paid Search,473.07
"Thursday, 1 May 2025",Paid Search,451.29
"Friday, 2 May 2025",Paid Search,403.61
"Saturday, 3 May 2025",Paid Search,442.73
"Sunday, 4 May 2025",Paid Search,368.01
"Monday, 5 May 2025",Paid Search,454.06
"Tuesday, 6 May 2025",Paid Search,521.87
"Wednesday, 7 May 2025",Paid Search,421.38
"Thursday, 8 May 2025",Paid Search,416.3
"Friday, 9 May 2025",Paid Search,437.27
"Saturday, 10 May 2025",Paid Search,397.87
"Sunday, 11 May 2025",Paid Search,358.94
"Monday, 12 May 2025",Paid Search,445.09
"Tuesday, 13 May 2025",Paid Search,391.26
"Wednesday, 14 May 2025",Paid Search,431.56
"Thursday, 15 May 2025",Paid Search,395.51
"Friday, 16 May 2025",Paid Search,510.08
"Saturday, 17 May 2025",Paid Search,395.3
"Sunday, 18 May 2025",Paid Search,375.65
"Monday, 19 May 2025",Paid Search,462.82
"Tuesday, 20 May 2025",Paid Search,382.01
"Wednesday, 21 May 2025",Paid Search,439.19
"Thursday, 22 May 2025",Paid Search,476.2
"Friday, 23 May 2025",Paid Search,384.27
"Saturday, 24 May 2025",Paid Search,414.4
"Sunday, 25 May 2025",Paid Search,401.45
"Monday, 26 May 2025",Paid Search,460.87
"Tuesday, 27 May 2025",Paid Search,398.13
"Wednesday, 28 May 2025",Paid Search,387.97
"Thursday, 29 May 2025",Paid Search,449.63
"Friday, 30 May 2025",Paid Search,438.23
"Saturday, 31 May 2025",Paid Search,408.45
"Sunday, 1 June 2025",Paid Search,354.53
"Monday, 2 June 2025",Paid Search,340.51
"Tuesday, 3 June 2025",Paid Search,367.88
"Wednesday, 4 June 2025",Paid Search,380.89
"Thursday, 5 June 2025",Paid Search,318.15
"Friday, 6 June 2025",Paid Search,419.92
"Saturday, 7 June 2025",Paid Search,350.63
"Sunday, 8 June 2025",Paid Search,305.91
"Monday, 9 June 2025",Paid Search,368.21
"Tuesday, 10 June 2025",Paid Search,321.12
"Wednesday, 11 June 2025",Paid Search,369.75
"Thursday, 12 June 2025",Paid Search,392.12
"Friday, 13 June 2025",Paid Search,340.69
"Saturday, 14 June 2025",Paid Search,345.64
"Sunday, 15 June 2025",Paid Search,347.16
"Monday, 16 June 2025",Paid Search,375.81
"Tuesday, 17 June 2025",Paid Search,416.44
"Wednesday, 18 June 2025",Paid Search,344.29
"Thursday, 19 June 2025",Paid Search,340.82
"Friday, 20 June 2025",Paid Search,340.48
"Saturday, 21 June 2025",Paid Search,311.16
"Sunday, 22 June 2025",Paid Search,333.9
"Monday, 23 June 2025",Paid Search,377.96
"Tuesday, 24 June 2025",Paid Search,365.83
"Wednesday, 25 June 2025",Paid Search,395.47
"Thursday, 26 June 2025",Paid Search,363.41
"Friday, 27 June 2025",Paid Search,410.99
"Saturday, 28 June 2025",Paid Search,335.18
"Sunday, 29 June 2025",Paid Search,372.84
"Monday, 30 June 2025",Paid Search,378.18
"Tuesday, 1 July 2025",Paid Search,292.94
"Wednesday, 2 July 2025",Paid Search,286.98
"Thursday, 3 July 2025",Paid Search,324.25
"Friday, 4 July 2025",Paid Search,309.23
"Saturday, 5 July 2025",Paid Search,307.03
"Sunday, 6 July 2025",Paid Search,299.62
"Monday, 7 July 2025",Paid Search,320.28
"Tuesday, 8 July 2025",Paid Search,296.1
"Wednesday, 9 July 2025",Paid Search,278.4
"Thursday, 10 July 2025",Paid Search,299.91
"Friday, 11 July 2025",Paid Search,342.82
"Saturday, 12 July 2025",Paid Search,292.07
"Sunday, 13 July 2025",Paid Search,269.57
"Monday, 14 July 2025",Paid Search,316.5
"Tuesday, 15 July 2025",Paid Search,335.58
"Wednesday, 16 July 2025",Paid Search,306.24
"Thursday, 17 July 2025",Paid Search,324.01
"Friday, 18 July 2025",Paid Search,309.26
"Saturday, 19 July 2025",Paid Search,271.14
"Sunday, 20 July 2025",Paid Search,298.01
"Monday, 21 July 2025",Paid Search,305.47
"Tuesday, 22 July 2025",Paid Search,346.82
"Wednesday, 23 July 2025",Paid Search,339.16
"Thursday, 24 July 2025",Paid Search,276.17
"Friday, 25 July 2025",Paid Search,296.53
"Saturday, 26 July 2025",Paid Search,319
"Sunday, 27 July 2025",Paid Search,303.94
"Monday, 28 July 2025",Paid Search,327.61
"Tuesday, 29 July 2025",Paid Search,404.8
"Wednesday, 30 July 2025",Paid Search,321.67
"Thursday, 31 July 2025",Paid Search,344.1
"Friday, 1 August 2025",Paid Search,360.71
"Saturday, 2 August 2025",Paid Search,309.41
"Sunday, 3 August 2025",Paid Search,295.26
"Monday, 4 August 2025",Paid Search,360.28
"Tuesday, 5 August 2025",Paid Search,311.69
"Wednesday, 6 August 2025",Paid Search,328.66
"Thursday, 7 August 2025",Paid Search,332.88
"Friday, 8 August 2025",Paid Search,334.7
"Saturday, 9 August 2025",Paid Search,367
"Sunday, 10 August 2025",Paid Search,257.09
"Monday, 11 August 2025",Paid Search,350.83
"Tuesday, 12 August 2025",Paid Search,289.36
"Wednesday, 13 August 2025",Paid Search,314.91
"Thursday, 14 August 2025",Paid Search,353.99
"Friday, 15 August 2025",Paid Search,327.74
"Saturday, 16 August 2025",Paid Search,280.06
"Sunday, 17 August 2025",Paid Search,286.58
"Monday, 18 August 2025",Paid Search,356.08
"Tuesday, 19 August 2025",Paid Search,308.55
"Wednesday, 20 August 2025",Paid Search,331.65
"Thursday, 21 August 2025",Paid Search,323.43
"Friday, 22 August 2025",Paid Search,311.9
"Saturday, 23 August 2025",Paid Search,359.63
"Sunday, 24 August 2025",Paid Search,315
"Monday, 25 August 2025",Paid Search,273.66
"Tuesday, 26 August 2025",Paid Search,336.48
"Wednesday, 27 August 2025",Paid Search,320.68
"Thursday, 28 August 2025",Paid Search,364.13
"Friday, 29 August 2025",Paid Search,323.36
"Saturday, 30 August 2025",Paid Search,300.1
"Sunday, 31 August 2025",Paid Search,304.28
"Monday, 1 September 2025",Paid Search,412.27
"Tuesday, 2 September 2025",Paid Search,375.06
"Wednesday, 3 September 2025",Paid Search,405.42
"Thursday, 4 September 2025",Paid Search,385.59
"Friday, 5 September 2025",Paid Search,390.4
"Saturday, 6 September 2025",Paid Search,415.27
"Sunday, 7 September 2025",Paid Search,396.1
"Monday, 8 September 2025",Paid Search,358.25
"Tuesday, 9 September 2025",Paid Search,434.31
"Wednesday, 10 September 2025",Paid Search,483.57
"Thursday, 11 September 2025",Paid Search,439.92
"Friday, 12 September 2025",Paid Search,354.37
"Saturday, 13 September 2025",Paid Search,355.29
"Sunday, 14 September 2025",Paid Search,404.95
"Monday, 15 September 2025",Paid Search,387.37
"Tuesday, 16 September 2025",Paid Search,425.09
"Wednesday, 17 September 2025",Paid Search,442.01
"Thursday, 18 September 2025",Paid Search,369.45
"Friday, 19 September 2025",Paid Search,401.77
"Saturday, 20 September 2025",Paid Search,274.67
"Sunday, 21 September 2025",Paid Search,343.42
"Monday, 22 September 2025",Paid Search,408.19
"Tuesday, 23 September 2025",Paid Search,345.32
"Wednesday, 24 September 2025",Paid Search,456.46
"Thursday, 25 September 2025",Paid Search,348.48
"Friday, 26 September 2025",Paid Search,386.6
"Saturday, 27 September 2025",Paid Search,355.03
"Sunday, 28 September 2025",Paid Search,387.3
"Monday, 29 September 2025",Paid Search,356.8
"Tuesday, 30 September 2025",Paid Search,439.88
"Wednesday, 1 October 2025",Paid Search,455.37
"Thursday, 2 October 2025",Paid Search,410.61
"Friday, 3 October 2025",Paid Search,477.72
"Saturday, 4 October 2025",Paid Search,441.85
"Sunday, 5 October 2025",Paid Search,404.71
"Monday, 6 October 2025",Paid Search,445.15
"Tuesday, 7 October 2025",Paid Search,443.03
"Wednesday, 8 October 2025",Paid Search,457.1
"Thursday, 9 October 2025",Paid Search,456.76
"Friday, 10 October 2025",Paid Search,504.17
"Saturday, 11 October 2025",Paid Search,385.15
"Sunday, 12 October 2025",Paid Search,492.34
"Monday, 13 October 2025",Paid Search,404.34
"Tuesday, 14 October 2025",Paid Search,473.04
"Wednesday, 15 October 2025",Paid Search,478.52
"Thursday, 16 October 2025",Paid Search,464.69
"Friday, 17 October 2025",Paid Search,459.34
"Saturday, 18 October 2025",Paid Search,420.62
"Sunday, 19 October 2025",Paid Search,408.71
"Monday, 20 October 2025",Paid Search,438.72
"Tuesday, 21 October 2025",Paid Search,486.45
"Wednesday, 22 October 2025",Paid Search,465.05
"Thursday, 23 October 2025",Paid Search,425.77
"Friday, 24 October 2025",Paid Search,492.25
"Saturday, 25 October 2025",Paid Search,429.26
"Sunday, 26 October 2025",Paid Search,441.3
"Monday, 27 October 2025",Paid Search,483.79
"Tuesday, 28 October 2025",Paid Search,431.93
"Wednesday, 29 October 2025",Paid Search,452.35
"Thursday, 30 October 2025",Paid Search,507.63
"Friday, 31 October 2025",Paid Search,450.4
"Saturday, 1 November 2025",Paid Search,673.14
"Sunday, 2 November 2025",Paid Search,667.4
"Monday, 3 November 2025",Paid Search,744.51
"Tuesday, 4 November 2025",Paid Search,677.9
"Wednesday, 5 November 2025",Paid Search,726.25
"Thursday, 6 November 2025",Paid Search,657.68
"Friday, 7 November 2025",Paid Search,669.43
"Saturday, 8 November 2025",Paid Search,694.51
"Sunday, 9 November 2025",Paid Search,706.87
"Monday, 10 November 2025",Paid Search,770.53
"Tuesday, 11 November 2025",Paid Search,808.98
"Wednesday, 12 November 2025",Paid Search,710.19
"Thursday, 13 November 2025",Paid Search,718.91
"Friday, 14 November 2025",Paid Search,694.55
"Saturday, 15 November 2025",Paid Search,655.23
"Sunday, 16 November 2025",Paid Search,617.42
"Monday, 17 November 2025",Paid Search,730.82
"Tuesday, 18 November 2025",Paid Search,732.8
"Wednesday, 19 November 2025",Paid Search,653.7
"Thursday, 20 November 2025",Paid Search,826.7
"Friday, 21 November 2025",Paid Search,659.79
"Saturday, 22 November 2025",Paid Search,589.59
"Sunday, 23 November 2025",Paid Search,726.54
"Monday, 24 November 2025",Paid Search,724.77
"Tuesday, 25 November 2025",Paid Search,750.1
"Wednesday, 26 November 2025",Paid Search,757.04
"Thursday, 27 November 2025",Paid Search,707.13
"Friday, 28 November 2025",Paid Search,679.49
"Saturday, 29 November 2025",Paid Search,629.53
"Sunday, 30 November 2025",Paid Search,642.45
"Monday, 1 December 2025",Paid Search,621.27
"Tuesday, 2 December 2025",Paid Search,571.33
"Wednesday, 3 December 2025",Paid Search,558.24
"Thursday, 4 December 2025",Paid Search,541.91
"Friday, 5 December 2025",Paid Search,577.8
"Saturday, 6 December 2025",Paid Search,484.94
"Sunday, 7 December 2025",Paid Search,497.34
"Monday, 8 December 2025",Paid Search,566.14
"Tuesday, 9 December 2025",Paid Search,605.78
"Wednesday, 10 December 2025",Paid Search,536.09
"Thursday, 11 December 2025",Paid Search,569.26
"Friday, 12 December 2025",Paid Search,594.62
"Saturday, 13 December 2025",Paid Search,473.52
"Sunday, 14 December 2025",Paid Search,465.18
"Monday, 15 December 2025",Paid Search,543.76
"Tuesday, 16 December 2025",Paid Search,555.55
"Wednesday, 17 December 2025",Paid Search,610.87
"Thursday, 18 December 2025",Paid Search,649.79
"Friday, 19 December 2025",Paid Search,613.89
"Saturday, 20 December 2025",Paid Search,498.83
"Sunday, 21 December 2025",Paid Search,525.76
"Monday, 22 December 2025",Paid Search,531.02
"Tuesday, 23 December 2025",Paid Search,542.86
"Wednesday, 24 December 2025",Paid Search,543.3
"Thursday, 25 December 2025",Paid Search,594.46
"Friday, 26 December 2025",Paid Search,541.44
"Saturday, 27 December 2025",Paid Search,555.46
"Sunday, 28 December 2025",Paid Search,592.3
"Monday, 29 December 2025",Paid Search,568.81
"Tuesday, 30 December 2025",Paid Search,583.39
"Wednesday, 31 December 2025",Paid Search,587.62
"Wednesday, 1 January 2025",Paid Social,395.07
"Thursday, 2 January 2025",Paid Social,361.49
"Friday, 3 January 2025",Paid Social,403.5
"Saturday, 4 January 2025",Paid Social,368.05
"Sunday, 5 January 2025",Paid Social,352.35
"Monday, 6 January 2025",Paid Social,369.57
"Tuesday, 7 January 2025",Paid Social,425.83
"Wednesday, 8 January 2025",Paid Social,393.69
"Thursday, 9 January 2025",Paid Social,372.69
"Friday, 10 January 2025",Paid Social,384.95
"Saturday, 11 January 2025",Paid Social,320.31
"Sunday, 12 January 2025",Paid Social,315.78
"Monday, 13 January 2025",Paid Social,377.27
"Tuesday, 14 January 2025",Paid Social,307.65
"Wednesday, 15 January 2025",Paid Social,329.69
"Thursday, 16 January 2025",Paid Social,355.82
"Friday, 17 January 2025",Paid Social,349.66
"Saturday, 18 January 2025",Paid Social,357.15
"Sunday, 19 January 2025",Paid Social,317.89
"Monday, 20 January 2025",Paid Social,324.64
"Tuesday, 21 January 2025",Paid Social,405.67
"Wednesday, 22 January 2025",Paid Social,348.64
"Thursday, 23 January 2025",Paid Social,353.62
"Friday, 24 January 2025",Paid Social,336.32
"Saturday, 25 January 2025",Paid Social,322.63
"Sunday, 26 January 2025",Paid Social,373.38
"Monday, 27 January 2025",Paid Social,341.83
"Tuesday, 28 January 2025",Paid Social,398.45
"Wednesday, 29 January 2025",Paid Social,342.56
"Thursday, 30 January 2025",Paid Social,360.9
"Friday, 31 January 2025",Paid Social,357.52
"Saturday, 1 February 2025",Paid Social,361.75
"Sunday, 2 February 2025",Paid Social,323.49
"Monday, 3 February 2025",Paid Social,306.91
"Tuesday, 4 February 2025",Paid Social,358.23
"Wednesday, 5 February 2025",Paid Social,302.34
"Thursday, 6 February 2025",Paid Social,340.72
"Friday, 7 February 2025",Paid Social,291.94
"Saturday, 8 February 2025",Paid Social,269.33
"Sunday, 9 February 2025",Paid Social,330.39
"Monday, 10 February 2025",Paid Social,355.34
"Tuesday, 11 February 2025",Paid Social,339.74
"Wednesday, 12 February 2025",Paid Social,342.27
"Thursday, 13 February 2025",Paid Social,334.06
"Friday, 14 February 2025",Paid Social,297.23
"Saturday, 15 February 2025",Paid Social,276.27
"Sunday, 16 February 2025",Paid Social,294.12
"Monday, 17 February 2025",Paid Social,370.07
"Tuesday, 18 February 2025",Paid Social,336.57
"Wednesday, 19 February 2025",Paid Social,289.94
"Thursday, 20 February 2025",Paid Social,351.91
"Friday, 21 February 2025",Paid Social,307.6
"Saturday, 22 February 2025",Paid Social,297.62
"Sunday, 23 February 2025",Paid Social,322.25
"Monday, 24 February 2025",Paid Social,370.07
"Tuesday, 25 February 2025",Paid Social,360.6
"Wednesday, 26 February 2025",Paid Social,312.64
"Thursday, 27 February 2025",Paid Social,332.99
"Friday, 28 February 2025",Paid Social,342.22
"Saturday, 1 March 2025",Paid Social,327.43
"Sunday, 2 March 2025",Paid Social,307.68
"Monday, 3 March 2025",Paid Social,358.33
"Tuesday, 4 March 2025",Paid Social,318.84
"Wednesday, 5 March 2025",Paid Social,304.31
"Thursday, 6 March 2025",Paid Social,380.17
"Friday, 7 March 2025",Paid Social,416.84
"Saturday, 8 March 2025",Paid Social,329.28
"Sunday, 9 March 2025",Paid Social,361.67
"Monday, 10 March 2025",Paid Social,365.59
"Tuesday, 11 March 2025",Paid Social,328.58
"Wednesday, 12 March 2025",Paid Social,368.94
"Thursday, 13 March 2025",Paid Social,382.8
"Friday, 14 March 2025",Paid Social,362.01
"Saturday, 15 March 2025",Paid Social,373.05
"Sunday, 16 March 2025",Paid Social,254.92
"Monday, 17 March 2025",Paid Social,373.99
"Tuesday, 18 March 2025",Paid Social,358.82
"Wednesday, 19 March 2025",Paid Social,355.42
"Thursday, 20 March 2025",Paid Social,372.02
"Friday, 21 March 2025",Paid Social,303.26
"Saturday, 22 March 2025",Paid Social,316.56
"Sunday, 23 March 2025",Paid Social,331.09
"Monday, 24 March 2025",Paid Social,416.22
"Tuesday, 25 March 2025",Paid Social,347.94
"Wednesday, 26 March 2025",Paid Social,350.42
"Thursday, 27 March 2025",Paid Social,326.83
"Friday, 28 March 2025",Paid Social,376.61
"Saturday, 29 March 2025",Paid Social,346.81
"Sunday, 30 March 2025",Paid Social,312.9
"Monday, 31 March 2025",Paid Social,383.82
"Tuesday, 1 April 2025",Paid Social,364.14
"Wednesday, 2 April 2025",Paid Social,408.95
"Thursday, 3 April 2025",Paid Social,371
"Friday, 4 April 2025",Paid Social,353.71
"Saturday, 5 April 2025",Paid Social,328.63
"Sunday, 6 April 2025",Paid Social,295.99
"Monday, 7 April 2025",Paid Social,388.26
"Tuesday, 8 April 2025",Paid Social,372.56
"Wednesday, 9 April 2025",Paid Social,355.29
"Thursday, 10 April 2025",Paid Social,358.05
"Friday, 11 April 2025",Paid Social,310.9
"Saturday, 12 April 2025",Paid Social,312.73
"Sunday, 13 April 2025",Paid Social,314.34
"Monday, 14 April 2025",Paid Social,334.37
"Tuesday, 15 April 2025",Paid Social,357.91
"Wednesday, 16 April 2025",Paid Social,379.21
"Thursday, 17 April 2025",Paid Social,452.93
"Friday, 18 April 2025",Paid Social,366.93
"Saturday, 19 April 2025",Paid Social,343.14
"Sunday, 20 April 2025",Paid Social,321.99
"Monday, 21 April 2025",Paid Social,307.33
"Tuesday, 22 April 2025",Paid Social,368.61
"Wednesday, 23 April 2025",Paid Social,353.05
"Thursday, 24 April 2025",Paid Social,423.02
"Friday, 25 April 2025",Paid Social,348.63
"Saturday, 26 April 2025",Paid Social,349.89
"Sunday, 27 April 2025",Paid Social,344.87
"Monday, 28 April 2025",Paid Social,359.1
"Tuesday, 29 April 2025",Paid Social,387.58
"Wednesday, 30 April 2025",Paid Social,386.52
"Thursday, 1 May 2025",Paid Social,377.71
"Friday, 2 May 2025",Paid Social,327.95
"Saturday, 3 May 2025",Paid Social,365.06
"Sunday, 4 May 2025",Paid Social,292.35
"Monday, 5 May 2025",Paid Social,375.22
"Tuesday, 6 May 2025",Paid Social,412.96
"Wednesday, 7 May 2025",Paid Social,311.33
"Thursday, 8 May 2025",Paid Social,342.3
"Friday, 9 May 2025",Paid Social,358.51
"Saturday, 10 May 2025",Paid Social,311.27
"Sunday, 11 May 2025",Paid Social,286.75
"Monday, 12 May 2025",Paid Social,353.11
"Tuesday, 13 May 2025",Paid Social,338.92
"Wednesday, 14 May 2025",Paid Social,388.05
"Thursday, 15 May 2025",Paid Social,330.62
"Friday, 16 May 2025",Paid Social,392
"Saturday, 17 May 2025",Paid Social,300.69
"Sunday, 18 May 2025",Paid Social,326.43
"Monday, 19 May 2025",Paid Social,376.06
"Tuesday, 20 May 2025",Paid Social,343.04
"Wednesday, 21 May 2025",Paid Social,360.03
"Thursday, 22 May 2025",Paid Social,382.24
"Friday, 23 May 2025",Paid Social,304.43
"Saturday, 24 May 2025",Paid Social,325.03
"Sunday, 25 May 2025",Paid Social,335.71
"Monday, 26 May 2025",Paid Social,395.58
"Tuesday, 27 May 2025",Paid Social,316.26
"Wednesday, 28 May 2025",Paid Social,319.94
"Thursday, 29 May 2025",Paid Social,377.45
"Friday, 30 May 2025",Paid Social,380.4
"Saturday, 31 May 2025",Paid Social,353.39
"Sunday, 1 June 2025",Paid Social,275.39
"Monday, 2 June 2025",Paid Social,281.25
"Tuesday, 3 June 2025",Paid Social,309.02
"Wednesday, 4 June 2025",Paid Social,307.51
"Thursday, 5 June 2025",Paid Social,296.37
"Friday, 6 June 2025",Paid Social,340.47
"Saturday, 7 June 2025",Paid Social,287.38
"Sunday, 8 June 2025",Paid Social,247.84
"Monday, 9 June 2025",Paid Social,321.1
"Tuesday, 10 June 2025",Paid Social,289.38
"Wednesday, 11 June 2025",Paid Social,326.66
"Thursday, 12 June 2025",Paid Social,330.34
"Friday, 13 June 2025",Paid Social,285.73
"Saturday, 14 June 2025",Paid Social,306.36
"Sunday, 15 June 2025",Paid Social,281.15
"Monday, 16 June 2025",Paid Social,323.71
"Tuesday, 17 June 2025",Paid Social,340
"Wednesday, 18 June 2025",Paid Social,307.04
"Thursday, 19 June 2025",Paid Social,274.03
"Friday, 20 June 2025",Paid Social,279.16
"Saturday, 21 June 2025",Paid Social,256.77
"Sunday, 22 June 2025",Paid Social,274.84
"Monday, 23 June 2025",Paid Social,309.17
"Tuesday, 24 June 2025",Paid Social,305.46
"Wednesday, 25 June 2025",Paid Social,310.36
"Thursday, 26 June 2025",Paid Social,291.35
"Friday, 27 June 2025",Paid Social,335.52
"Saturday, 28 June 2025",Paid Social,263.17
"Sunday, 29 June 2025",Paid Social,363.92
"Monday, 30 June 2025",Paid Social,312.34
"Tuesday, 1 July 2025",Paid Social,233.82
"Wednesday, 2 July 2025",Paid Social,236.56
"Thursday, 3 July 2025",Paid Social,274.96
"Friday, 4 July 2025",Paid Social,255.55
"Saturday, 5 July 2025",Paid Social,250.46
"Sunday, 6 July 2025",Paid Social,250
"Monday, 7 July 2025",Paid Social,249.55
"Tuesday, 8 July 2025",Paid Social,233.05
"Wednesday, 9 July 2025",Paid Social,224.1
"Thursday, 10 July 2025",Paid Social,257.45
"Friday, 11 July 2025",Paid Social,271.42
"Saturday, 12 July 2025",Paid Social,241.88
"Sunday, 13 July 2025",Paid Social,208.82
"Monday, 14 July 2025",Paid Social,273.06
"Tuesday, 15 July 2025",Paid Social,252.18
"Wednesday, 16 July 2025",Paid Social,223.79
"Thursday, 17 July 2025",Paid Social,257.29
"Friday, 18 July 2025",Paid Social,269.54
"Saturday, 19 July 2025",Paid Social,208.88
"Sunday, 20 July 2025",Paid Social,239.8
"Monday, 21 July 2025",Paid Social,289.49
"Tuesday, 22 July 2025",Paid Social,275.61
"Wednesday, 23 July 2025",Paid Social,270.66
"Thursday, 24 July 2025",Paid Social,230.75
"Friday, 25 July 2025",Paid Social,235.06
"Saturday, 26 July 2025",Paid Social,232.13
"Sunday, 27 July 2025",Paid Social,249.76
"Monday, 28 July 2025",Paid Social,270.16
"Tuesday, 29 July 2025",Paid Social,310.02
"Wednesday, 30 July 2025",Paid Social,271.03
"Thursday, 31 July 2025",Paid Social,285.59
"Friday, 1 August 2025",Paid Social,290.64
"Saturday, 2 August 2025",Paid Social,265.16
"Sunday, 3 August 2025",Paid Social,245.45
"Monday, 4 August 2025",Paid Social,275.44
"Tuesday, 5 August 2025",Paid Social,240.92
"Wednesday, 6 August 2025",Paid Social,252.31
"Thursday, 7 August 2025",Paid Social,246.59
"Friday, 8 August 2025",Paid Social,271.61
"Saturday, 9 August 2025",Paid Social,291.34
"Sunday, 10 August 2025",Paid Social,215.01
"Monday, 11 August 2025",Paid Social,279.28
"Tuesday, 12 August 2025",Paid Social,239.81
"Wednesday, 13 August 2025",Paid Social,263.1
"Thursday, 14 August 2025",Paid Social,298.52
"Friday, 15 August 2025",Paid Social,274.19
"Saturday, 16 August 2025",Paid Social,226.52
"Sunday, 17 August 2025",Paid Social,234.15
"Monday, 18 August 2025",Paid Social,281.72
"Tuesday, 19 August 2025",Paid Social,261.54
"Wednesday, 20 August 2025",Paid Social,285.84
"Thursday, 21 August 2025",Paid Social,274.64
"Friday, 22 August 2025",Paid Social,264.35
"Saturday, 23 August 2025",Paid Social,285.77
"Sunday, 24 August 2025",Paid Social,261.76
"Monday, 25 August 2025",Paid Social,223.8
"Tuesday, 26 August 2025",Paid Social,282.19
"Wednesday, 27 August 2025",Paid Social,245.85
"Thursday, 28 August 2025",Paid Social,273.38
"Friday, 29 August 2025",Paid Social,244.73
"Saturday, 30 August 2025",Paid Social,243.87
"Sunday, 31 August 2025",Paid Social,267.95
"Monday, 1 September 2025",Paid Social,349.93
"Tuesday, 2 September 2025",Paid Social,281.36
"Wednesday, 3 September 2025",Paid Social,295.66
"Thursday, 4 September 2025",Paid Social,307.18
"Friday, 5 September 2025",Paid Social,282.24
"Saturday, 6 September 2025",Paid Social,329.71
"Sunday, 7 September 2025",Paid Social,300.97
"Monday, 8 September 2025",Paid Social,297.59
"Tuesday, 9 September 2025",Paid Social,356.01
"Wednesday, 10 September 2025",Paid Social,365.7
"Thursday, 11 September 2025",Paid Social,348.74
"Friday, 12 September 2025",Paid Social,284.29
"Saturday, 13 September 2025",Paid Social,283.24
"Sunday, 14 September 2025",Paid Social,341.1
"Monday, 15 September 2025",Paid Social,301.87
"Tuesday, 16 September 2025",Paid Social,323.66
"Wednesday, 17 September 2025",Paid Social,336.74
"Thursday, 18 September 2025",Paid Social,307.87
"Friday, 19 September 2025",Paid Social,310.99
"Saturday, 20 September 2025",Paid Social,221.26
"Sunday, 21 September 2025",Paid Social,269.82
"Monday, 22 September 2025",Paid Social,303.9
"Tuesday, 23 September 2025",Paid Social,296.47
"Wednesday, 24 September 2025",Paid Social,373.25
"Thursday, 25 September 2025",Paid Social,291.18
"Friday, 26 September 2025",Paid Social,311.12
"Saturday, 27 September 2025",Paid Social,306.39
"Sunday, 28 September 2025",Paid Social,354.55
"Monday, 29 September 2025",Paid Social,289.97
"Tuesday, 30 September 2025",Paid Social,355.9
"Wednesday, 1 October 2025",Paid Social,378.63
"Thursday, 2 October 2025",Paid Social,360.35
"Friday, 3 October 2025",Paid Social,398.16
"Saturday, 4 October 2025",Paid Social,347.31
"Sunday, 5 October 2025",Paid Social,339.47
"Monday, 6 October 2025",Paid Social,399.51
"Tuesday, 7 October 2025",Paid Social,354.45
"Wednesday, 8 October 2025",Paid Social,393.83
"Thursday, 9 October 2025",Paid Social,417.74
"Friday, 10 October 2025",Paid Social,442.98
"Saturday, 11 October 2025",Paid Social,306.02
"Sunday, 12 October 2025",Paid Social,414.69
"Monday, 13 October 2025",Paid Social,307.2
"Tuesday, 14 October 2025",Paid Social,356.88
"Wednesday, 15 October 2025",Paid Social,384
"Thursday, 16 October 2025",Paid Social,388.56
"Friday, 17 October 2025",Paid Social,342.86
"Saturday, 18 October 2025",Paid Social,346.8
"Sunday, 19 October 2025",Paid Social,323.09
"Monday, 20 October 2025",Paid Social,355.15
"Tuesday, 21 October 2025",Paid Social,424.18
"Wednesday, 22 October 2025",Paid Social,404.82
"Thursday, 23 October 2025",Paid Social,358.92
"Friday, 24 October 2025",Paid Social,408.02
"Saturday, 25 October 2025",Paid Social,349.62
"Sunday, 26 October 2025",Paid Social,374.15
"Monday, 27 October 2025",Paid Social,386.64
"Tuesday, 28 October 2025",Paid Social,344.59
"Wednesday, 29 October 2025",Paid Social,345.27
"Thursday, 30 October 2025",Paid Social,393.81
"Friday, 31 October 2025",Paid Social,418.42
"Saturday, 1 November 2025",Paid Social,512.04
"Sunday, 2 November 2025",Paid Social,547.03
"Monday, 3 November 2025",Paid Social,624.98
"Tuesday, 4 November 2025",Paid Social,523.81
"Wednesday, 5 November 2025",Paid Social,602.14
"Thursday, 6 November 2025",Paid Social,587.8
"Friday, 7 November 2025",Paid Social,597
"Saturday, 8 November 2025",Paid Social,577.56
"Sunday, 9 November 2025",Paid Social,557.82
"Monday, 10 November 2025",Paid Social,600.33
"Tuesday, 11 November 2025",Paid Social,618.89
"Wednesday, 12 November 2025",Paid Social,578.54
"Thursday, 13 November 2025",Paid Social,625.4
"Friday, 14 November 2025",Paid Social,538.09
"Saturday, 15 November 2025",Paid Social,550.97
"Sunday, 16 November 2025",Paid Social,554.52
"Monday, 17 November 2025",Paid Social,560.82
"Tuesday, 18 November 2025",Paid Social,608.46
"Wednesday, 19 November 2025",Paid Social,547.86
"Thursday, 20 November 2025",Paid Social,657.51
"Friday, 21 November 2025",Paid Social,513.24
"Saturday, 22 November 2025",Paid Social,471.27
"Sunday, 23 November 2025",Paid Social,561.51
"Monday, 24 November 2025",Paid Social,642
"Tuesday, 25 November 2025",Paid Social,605.51
"Wednesday, 26 November 2025",Paid Social,589.77
"Thursday, 27 November 2025",Paid Social,597.51
"Friday, 28 November 2025",Paid Social,481.11
"Saturday, 29 November 2025",Paid Social,561.11
"Sunday, 30 November 2025",Paid Social,466.64
"Monday, 1 December 2025",Paid Social,499.34
"Tuesday, 2 December 2025",Paid Social,451.22
"Wednesday, 3 December 2025",Paid Social,411.25
"Thursday, 4 December 2025",Paid Social,472.37
"Friday, 5 December 2025",Paid Social,486.4
"Saturday, 6 December 2025",Paid Social,424.44
"Sunday, 7 December 2025",Paid Social,392.34
"Monday, 8 December 2025",Paid Social,492.26
"Tuesday, 9 December 2025",Paid Social,459.64
"Wednesday, 10 December 2025",Paid Social,449.1
"Thursday, 11 December 2025",Paid Social,448.74
"Friday, 12 December 2025",Paid Social,467.9
"Saturday, 13 December 2025",Paid Social,360.85
"Sunday, 14 December 2025",Paid Social,378.38
"Monday, 15 December 2025",Paid Social,459.28
"Tuesday, 16 December 2025",Paid Social,465.73
"Wednesday, 17 December 2025",Paid Social,467.01
"Thursday, 18 December 2025",Paid Social,516.31
"Friday, 19 December 2025",Paid Social,487.63
"Saturday, 20 December 2025",Paid Social,443.81
"Sunday, 21 December 2025",Paid Social,433.1
"Monday, 22 December 2025",Paid Social,431.95
"Tuesday, 23 December 2025",Paid Social,491.17
"Wednesday, 24 December 2025",Paid Social,469.32
"Thursday, 25 December 2025",Paid Social,462.49
"Friday, 26 December 2025",Paid Social,431.91
"Saturday, 27 December 2025",Paid Social,451.7
"Sunday, 28 December 2025",Paid Social,478.41
"Monday, 29 December 2025",Paid Social,467.37
"Tuesday, 30 December 2025",Paid Social,483.69
"Wednesday, 31 December 2025",Paid Social,505.37
"Wednesday, 1 January 2025",Email,160.89
"Thursday, 2 January 2025",Email,155.4
"Friday, 3 January 2025",Email,150.41
"Saturday, 4 January 2025",Email,168.59
"Sunday, 5 January 2025",Email,141.28
"Monday, 6 January 2025",Email,155.31
"Tuesday, 7 January 2025",Email,153.46
"Wednesday, 8 January 2025",Email,169.01
"Thursday, 9 January 2025",Email,143.07
"Friday, 10 January 2025",Email,159.08
"Saturday, 11 January 2025",Email,136.45
"Sunday, 12 January 2025",Email,140.4
"Monday, 13 January 2025",Email,152.62
"Tuesday, 14 January 2025",Email,123.39
"Wednesday, 15 January 2025",Email,143.18
"Thursday, 16 January 2025",Email,149.74
"Friday, 17 January 2025",Email,144.15
"Saturday, 18 January 2025",Email,156.92
"Sunday, 19 January 2025",Email,136.84
"Monday, 20 January 2025",Email,142.5
"Tuesday, 21 January 2025",Email,175.98
"Wednesday, 22 January 2025",Email,166.36
"Thursday, 23 January 2025",Email,151.17
"Friday, 24 January 2025",Email,133.95
"Saturday, 25 January 2025",Email,143.9
"Sunday, 26 January 2025",Email,145.25
"Monday, 27 January 2025",Email,144.58
"Tuesday, 28 January 2025",Email,167.02
"Wednesday, 29 January 2025",Email,139.39
"Thursday, 30 January 2025",Email,154
"Friday, 31 January 2025",Email,143.78
"Saturday, 1 February 2025",Email,150.02
"Sunday, 2 February 2025",Email,117.18
"Monday, 3 February 2025",Email,126.54
"Tuesday, 4 February 2025",Email,142.88
"Wednesday, 5 February 2025",Email,129.74
"Thursday, 6 February 2025",Email,142.87
"Friday, 7 February 2025",Email,119.5
"Saturday, 8 February 2025",Email,115.82
"Sunday, 9 February 2025",Email,125.61
"Monday, 10 February 2025",Email,147.78
"Tuesday, 11 February 2025",Email,149.92
"Wednesday, 12 February 2025",Email,130.71
"Thursday, 13 February 2025",Email,135.57
"Friday, 14 February 2025",Email,122.77
"Saturday, 15 February 2025",Email,119.94
"Sunday, 16 February 2025",Email,131.6
"Monday, 17 February 2025",Email,152.98
"Tuesday, 18 February 2025",Email,139.7
"Wednesday, 19 February 2025",Email,115.69
"Thursday, 20 February 2025",Email,143.97
"Friday, 21 February 2025",Email,127.94
"Saturday, 22 February 2025",Email,113.76
"Sunday, 23 February 2025",Email,137.79
"Monday, 24 February 2025",Email,144
"Tuesday, 25 February 2025",Email,136.69
"Wednesday, 26 February 2025",Email,113.85
"Thursday, 27 February 2025",Email,131.2
"Friday, 28 February 2025",Email,133.83
"Saturday, 1 March 2025",Email,153.91
"Sunday, 2 March 2025",Email,129.58
"Monday, 3 March 2025",Email,142.3
"Tuesday, 4 March 2025",Email,141.58
"Wednesday, 5 March 2025",Email,137.23
"Thursday, 6 March 2025",Email,161.49
"Friday, 7 March 2025",Email,148.24
"Saturday, 8 March 2025",Email,148.25
"Sunday, 9 March 2025",Email,136.91
"Monday, 10 March 2025",Email,140.47
"Tuesday, 11 March 2025",Email,140.66
"Wednesday, 12 March 2025",Email,160.71
"Thursday, 13 March 2025",Email,169.86
"Friday, 14 March 2025",Email,151.84
"Saturday, 15 March 2025",Email,160.22
"Sunday, 16 March 2025",Email,110.47
"Monday, 17 March 2025",Email,160.66
"Tuesday, 18 March 2025",Email,148.1
"Wednesday, 19 March 2025",Email,149.83
"Thursday, 20 March 2025",Email,145.49
"Friday, 21 March 2025",Email,125.6
"Saturday, 22 March 2025",Email,129.85
"Sunday, 23 March 2025",Email,129.37
"Monday, 24 March 2025",Email,161.37
"Tuesday, 25 March 2025",Email,136.53
"Wednesday, 26 March 2025",Email,132.45
"Thursday, 27 March 2025",Email,144.11
"Friday, 28 March 2025",Email,161.98
"Saturday, 29 March 2025",Email,142.96
"Sunday, 30 March 2025",Email,120.35
"Monday, 31 March 2025",Email,145.58
"Tuesday, 1 April 2025",Email,158.87
"Wednesday, 2 April 2025",Email,153.14
"Thursday, 3 April 2025",Email,138.64
"Friday, 4 April 2025",Email,151.04
"Saturday, 5 April 2025",Email,132.44
"Sunday, 6 April 2025",Email,115.67
"Monday, 7 April 2025",Email,142.35
"Tuesday, 8 April 2025",Email,152.92
"Wednesday, 9 April 2025",Email,150.7
"Thursday, 10 April 2025",Email,139.61
"Friday, 11 April 2025",Email,137.68
"Saturday, 12 April 2025",Email,133.58
"Sunday, 13 April 2025",Email,137.83
"Monday, 14 April 2025",Email,143.32
"Tuesday, 15 April 2025",Email,155.63
"Wednesday, 16 April 2025",Email,155.47
"Thursday, 17 April 2025",Email,172.59
"Friday, 18 April 2025",Email,158.14
"Saturday, 19 April 2025",Email,138.89
"Sunday, 20 April 2025",Email,133.99
"Monday, 21 April 2025",Email,127
"Tuesday, 22 April 2025",Email,143.64
"Wednesday, 23 April 2025",Email,148.17
"Thursday, 24 April 2025",Email,161.94
"Friday, 25 April 2025",Email,152.58
"Saturday, 26 April 2025",Email,134.26
"Sunday, 27 April 2025",Email,136.49
"Monday, 28 April 2025",Email,130.77
"Tuesday, 29 April 2025",Email,169.63
"Wednesday, 30 April 2025",Email,160.69
"Thursday, 1 May 2025",Email,167.46
"Friday, 2 May 2025",Email,134.39
"Saturday, 3 May 2025",Email,155.97
"Sunday, 4 May 2025",Email,111.07
"Monday, 5 May 2025",Email,158.74
"Tuesday, 6 May 2025",Email,165.75
"Wednesday, 7 May 2025",Email,134.25
"Thursday, 8 May 2025",Email,141.85
"Friday, 9 May 2025",Email,153.46
"Saturday, 10 May 2025",Email,124.08
"Sunday, 11 May 2025",Email,116.51
"Monday, 12 May 2025",Email,155.06
"Tuesday, 13 May 2025",Email,130.65
"Wednesday, 14 May 2025",Email,154.82
"Thursday, 15 May 2025",Email,151.9
"Friday, 16 May 2025",Email,160.3
"Saturday, 17 May 2025",Email,115.71
"Sunday, 18 May 2025",Email,132.17
"Monday, 19 May 2025",Email,166.44
"Tuesday, 20 May 2025",Email,126.54
"Wednesday, 21 May 2025",Email,159.1
"Thursday, 22 May 2025",Email,173.5
"Friday, 23 May 2025",Email,129.74
"Saturday, 24 May 2025",Email,141
"Sunday, 25 May 2025",Email,147.43
"Monday, 26 May 2025",Email,149.67
"Tuesday, 27 May 2025",Email,131.9
"Wednesday, 28 May 2025",Email,127.53
"Thursday, 29 May 2025",Email,149.21
"Friday, 30 May 2025",Email,145.64
"Saturday, 31 May 2025",Email,125.69
"Sunday, 1 June 2025",Email,116.01
"Monday, 2 June 2025",Email,114.48
"Tuesday, 3 June 2025",Email,123.28
"Wednesday, 4 June 2025",Email,115.59
"Thursday, 5 June 2025",Email,115.14
"Friday, 6 June 2025",Email,141.56
"Saturday, 7 June 2025",Email,110.48
"Sunday, 8 June 2025",Email,101.19
"Monday, 9 June 2025",Email,132.82
"Tuesday, 10 June 2025",Email,109.79
"Wednesday, 11 June 2025",Email,140.65
"Thursday, 12 June 2025",Email,132.64
"Friday, 13 June 2025",Email,109.23
"Saturday, 14 June 2025",Email,119.27
"Sunday, 15 June 2025",Email,115.36
"Monday, 16 June 2025",Email,134.6
"Tuesday, 17 June 2025",Email,142.18
"Wednesday, 18 June 2025",Email,116.16
"Thursday, 19 June 2025",Email,117.44
"Friday, 20 June 2025",Email,106.87
"Saturday, 21 June 2025",Email,106.94
"Sunday, 22 June 2025",Email,108.95
"Monday, 23 June 2025",Email,117.55
"Tuesday, 24 June 2025",Email,131
"Wednesday, 25 June 2025",Email,133.13
"Thursday, 26 June 2025",Email,129.96
"Friday, 27 June 2025",Email,128.29
"Saturday, 28 June 2025",Email,104.3
"Sunday, 29 June 2025",Email,144.61
"Monday, 30 June 2025",Email,130.95
"Tuesday, 1 July 2025",Email,104.3
"Wednesday, 2 July 2025",Email,97.96
"Thursday, 3 July 2025",Email,107.32
"Friday, 4 July 2025",Email,104.32
"Saturday, 5 July 2025",Email,102.54
"Sunday, 6 July 2025",Email,99.88
"Monday, 7 July 2025",Email,104.88
"Tuesday, 8 July 2025",Email,101.45
"Wednesday, 9 July 2025",Email,88.69
"Thursday, 10 July 2025",Email,96.23
"Friday, 11 July 2025",Email,107.99
"Saturday, 12 July 2025",Email,101.08
"Sunday, 13 July 2025",Email,84.56
"Monday, 14 July 2025",Email,98.06
"Tuesday, 15 July 2025",Email,112.3
"Wednesday, 16 July 2025",Email,103.66
"Thursday, 17 July 2025",Email,104.34
"Friday, 18 July 2025",Email,107.95
"Saturday, 19 July 2025",Email,86.52
"Sunday, 20 July 2025",Email,100.59
"Monday, 21 July 2025",Email,114.94
"Tuesday, 22 July 2025",Email,119.07
"Wednesday, 23 July 2025",Email,123.5
"Thursday, 24 July 2025",Email,94.57
"Friday, 25 July 2025",Email,96.13
"Saturday, 26 July 2025",Email,103.61
"Sunday, 27 July 2025",Email,99.31
"Monday, 28 July 2025",Email,106.84
"Tuesday, 29 July 2025",Email,133.4
"Wednesday, 30 July 2025",Email,113.4
"Thursday, 31 July 2025",Email,113.76
"Friday, 1 August 2025",Email,116.6
"Saturday, 2 August 2025",Email,114.38
"Sunday, 3 August 2025",Email,95.9
"Monday, 4 August 2025",Email,118.37
"Tuesday, 5 August 2025",Email,109.11
"Wednesday, 6 August 2025",Email,112.79
"Thursday, 7 August 2025",Email,103.99
"Friday, 8 August 2025",Email,110.81
"Saturday, 9 August 2025",Email,114.78
"Sunday, 10 August 2025",Email,83.58
"Monday, 11 August 2025",Email,119.58
"Tuesday, 12 August 2025",Email,91.08
"Wednesday, 13 August 2025",Email,107.88
"Thursday, 14 August 2025",Email,117.93
"Friday, 15 August 2025",Email,113.73
"Saturday, 16 August 2025",Email,91.34
"Sunday, 17 August 2025",Email,96.1
"Monday, 18 August 2025",Email,114.26
"Tuesday, 19 August 2025",Email,96.7
"Wednesday, 20 August 2025",Email,107.56
"Thursday, 21 August 2025",Email,111.56
"Friday, 22 August 2025",Email,100.73
"Saturday, 23 August 2025",Email,120.93
"Sunday, 24 August 2025",Email,108.15
"Monday, 25 August 2025",Email,99.33
"Tuesday, 26 August 2025",Email,107.46
"Wednesday, 27 August 2025",Email,107.44
"Thursday, 28 August 2025",Email,120.11
"Friday, 29 August 2025",Email,98.91
"Saturday, 30 August 2025",Email,100.7
"Sunday, 31 August 2025",Email,105.45
"Monday, 1 September 2025",Email,145.65
"Tuesday, 2 September 2025",Email,118.76
"Wednesday, 3 September 2025",Email,132.54
"Thursday, 4 September 2025",Email,128.83
"Friday, 5 September 2025",Email,130.94
"Saturday, 6 September 2025",Email,151.85
"Sunday, 7 September 2025",Email,124.84
"Monday, 8 September 2025",Email,111.75
"Tuesday, 9 September 2025",Email,129.41
"Wednesday, 10 September 2025",Email,162.5
"Thursday, 11 September 2025",Email,136.01
"Friday, 12 September 2025",Email,116.02
"Saturday, 13 September 2025",Email,116.57
"Sunday, 14 September 2025",Email,122.94
"Monday, 15 September 2025",Email,122.68
"Tuesday, 16 September 2025",Email,138.54
"Wednesday, 17 September 2025",Email,135.31
"Thursday, 18 September 2025",Email,112.69
"Friday, 19 September 2025",Email,136.4
"Saturday, 20 September 2025",Email,93.46
"Sunday, 21 September 2025",Email,107.46
"Monday, 22 September 2025",Email,131.31
"Tuesday, 23 September 2025",Email,123.39
"Wednesday, 24 September 2025",Email,146.7
"Thursday, 25 September 2025",Email,117.46
"Friday, 26 September 2025",Email,126
"Saturday, 27 September 2025",Email,129.24
"Sunday, 28 September 2025",Email,137.38
"Monday, 29 September 2025",Email,115.02
"Tuesday, 30 September 2025",Email,140.74
"Wednesday, 1 October 2025",Email,157.21
"Thursday, 2 October 2025",Email,139.24
"Friday, 3 October 2025",Email,160.29
"Saturday, 4 October 2025",Email,147.52
"Sunday, 5 October 2025",Email,128.84
"Monday, 6 October 2025",Email,147.68
"Tuesday, 7 October 2025",Email,157.92
"Wednesday, 8 October 2025",Email,152.76
"Thursday, 9 October 2025",Email,166.09
"Friday, 10 October 2025",Email,175.43
"Saturday, 11 October 2025",Email,126.44
"Sunday, 12 October 2025",Email,171.33
"Monday, 13 October 2025",Email,128.9
"Tuesday, 14 October 2025",Email,147.94
"Wednesday, 15 October 2025",Email,175.15
"Thursday, 16 October 2025",Email,158.14
"Friday, 17 October 2025",Email,142.94
"Saturday, 18 October 2025",Email,141.55
"Sunday, 19 October 2025",Email,143.25
"Monday, 20 October 2025",Email,155.52
"Tuesday, 21 October 2025",Email,161.08
"Wednesday, 22 October 2025",Email,151.22
"Thursday, 23 October 2025",Email,147.93
"Friday, 24 October 2025",Email,163.2
"Saturday, 25 October 2025",Email,154.81
"Sunday, 26 October 2025",Email,151.19
"Monday, 27 October 2025",Email,163.57
"Tuesday, 28 October 2025",Email,144.42
"Wednesday, 29 October 2025",Email,144.13
"Thursday, 30 October 2025",Email,153.4
"Friday, 31 October 2025",Email,176.01
"Saturday, 1 November 2025",Email,209.34
"Sunday, 2 November 2025",Email,203.03
"Monday, 3 November 2025",Email,276.42
"Tuesday, 4 November 2025",Email,239.97
"Wednesday, 5 November 2025",Email,252.8
"Thursday, 6 November 2025",Email,241.56
"Friday, 7 November 2025",Email,223.34
"Saturday, 8 November 2025",Email,228.49
"Sunday, 9 November 2025",Email,233.41
"Monday, 10 November 2025",Email,244.38
"Tuesday, 11 November 2025",Email,254.03
"Wednesday, 12 November 2025",Email,242.31
"Thursday, 13 November 2025",Email,256.55
"Friday, 14 November 2025",Email,240.79
"Saturday, 15 November 2025",Email,232.77
"Sunday, 16 November 2025",Email,210.82
"Monday, 17 November 2025",Email,245.64
"Tuesday, 18 November 2025",Email,247.2
"Wednesday, 19 November 2025",Email,223.59
"Thursday, 20 November 2025",Email,284.33
"Friday, 21 November 2025",Email,220.48
"Saturday, 22 November 2025",Email,203.7
"Sunday, 23 November 2025",Email,241.38
"Monday, 24 November 2025",Email,248.82
"Tuesday, 25 November 2025",Email,235.83
"Wednesday, 26 November 2025",Email,236.2
"Thursday, 27 November 2025",Email,219.89
"Friday, 28 November 2025",Email,241.97
"Saturday, 29 November 2025",Email,211.15
"Sunday, 30 November 2025",Email,204.69
"Monday, 1 December 2025",Email,206.32
"Tuesday, 2 December 2025",Email,196.9
"Wednesday, 3 December 2025",Email,184.41
"Thursday, 4 December 2025",Email,192.27
"Friday, 5 December 2025",Email,199.34
"Saturday, 6 December 2025",Email,171.23
"Sunday, 7 December 2025",Email,163.69
"Monday, 8 December 2025",Email,196.92
"Tuesday, 9 December 2025",Email,200.81
"Wednesday, 10 December 2025",Email,198.76
"Thursday, 11 December 2025",Email,182.92
"Friday, 12 December 2025",Email,201.76
"Saturday, 13 December 2025",Email,165.89
"Sunday, 14 December 2025",Email,159.66
"Monday, 15 December 2025",Email,169.15
"Tuesday, 16 December 2025",Email,188.43
"Wednesday, 17 December 2025",Email,189.93
"Thursday, 18 December 2025",Email,211.05
"Friday, 19 December 2025",Email,208.18
"Saturday, 20 December 2025",Email,177.09
"Sunday, 21 December 2025",Email,175.8
"Monday, 22 December 2025",Email,177.01
"Tuesday, 23 December 2025",Email,207.47
"Wednesday, 24 December 2025",Email,193.27
"Thursday, 25 December 2025",Email,212.46
"Friday, 26 December 2025",Email,183.31
"Saturday, 27 December 2025",Email,173.39
"Sunday, 28 December 2025",Email,203.23
"Monday, 29 December 2025",Email,189.85
"Tuesday, 30 December 2025",Email,209.01
"Wednesday, 31 December 2025",Email,207.61
"Wednesday, 1 January 2025",Affiliate,114.65
"Thursday, 2 January 2025",Affiliate,105.23
"Friday, 3 January 2025",Affiliate,115.79
"Saturday, 4 January 2025",Affiliate,112.21
"Sunday, 5 January 2025",Affiliate,97.22
"Monday, 6 January 2025",Affiliate,109.19
"Tuesday, 7 January 2025",Affiliate,132.26
"Wednesday, 8 January 2025",Affiliate,113.17
"Thursday, 9 January 2025",Affiliate,97.85
"Friday, 10 January 2025",Affiliate,110.74
"Saturday, 11 January 2025",Affiliate,106.56
"Sunday, 12 January 2025",Affiliate,95.5
"Monday, 13 January 2025",Affiliate,113.2
"Tuesday, 14 January 2025",Affiliate,90.44
"Wednesday, 15 January 2025",Affiliate,92.02
"Thursday, 16 January 2025",Affiliate,110.58
"Friday, 17 January 2025",Affiliate,101.58
"Saturday, 18 January 2025",Affiliate,110.13
"Sunday, 19 January 2025",Affiliate,92.44
"Monday, 20 January 2025",Affiliate,99.41
"Tuesday, 21 January 2025",Affiliate,127.47
"Wednesday, 22 January 2025",Affiliate,106.79
"Thursday, 23 January 2025",Affiliate,115.71
"Friday, 24 January 2025",Affiliate,93.4
"Saturday, 25 January 2025",Affiliate,99.52
"Sunday, 26 January 2025",Affiliate,103.06
"Monday, 27 January 2025",Affiliate,93
"Tuesday, 28 January 2025",Affiliate,108.14
"Wednesday, 29 January 2025",Affiliate,97.97
"Thursday, 30 January 2025",Affiliate,108.47
"Friday, 31 January 2025",Affiliate,105.26
"Saturday, 1 February 2025",Affiliate,116.71
"Sunday, 2 February 2025",Affiliate,84.36
"Monday, 3 February 2025",Affiliate,91.28
"Tuesday, 4 February 2025",Affiliate,106.94
"Wednesday, 5 February 2025",Affiliate,98.84
"Thursday, 6 February 2025",Affiliate,108.63
"Friday, 7 February 2025",Affiliate,84.06
"Saturday, 8 February 2025",Affiliate,84.58
"Sunday, 9 February 2025",Affiliate,92.75
"Monday, 10 February 2025",Affiliate,104.8
"Tuesday, 11 February 2025",Affiliate,99.97
"Wednesday, 12 February 2025",Affiliate,94.97
"Thursday, 13 February 2025",Affiliate,94.56
"Friday, 14 February 2025",Affiliate,84.72
"Saturday, 15 February 2025",Affiliate,85.13
"Sunday, 16 February 2025",Affiliate,91.58
"Monday, 17 February 2025",Affiliate,114.13
"Tuesday, 18 February 2025",Affiliate,99.64
"Wednesday, 19 February 2025",Affiliate,88.13
"Thursday, 20 February 2025",Affiliate,98.08
"Friday, 21 February 2025",Affiliate,94.83
"Saturday, 22 February 2025",Affiliate,83.75
"Sunday, 23 February 2025",Affiliate,85.61
"Monday, 24 February 2025",Affiliate,106.11
"Tuesday, 25 February 2025",Affiliate,101.17
"Wednesday, 26 February 2025",Affiliate,94.37
"Thursday, 27 February 2025",Affiliate,98.6
"Friday, 28 February 2025",Affiliate,96.8
"Saturday, 1 March 2025",Affiliate,110.81
"Sunday, 2 March 2025",Affiliate,93.31
"Monday, 3 March 2025",Affiliate,106.96
"Tuesday, 4 March 2025",Affiliate,91.93
"Wednesday, 5 March 2025",Affiliate,90.7
"Thursday, 6 March 2025",Affiliate,115.13
"Friday, 7 March 2025",Affiliate,122.77
"Saturday, 8 March 2025",Affiliate,104.31
"Sunday, 9 March 2025",Affiliate,109.94
"Monday, 10 March 2025",Affiliate,105.3
"Tuesday, 11 March 2025",Affiliate,92.2
"Wednesday, 12 March 2025",Affiliate,105.18
"Thursday, 13 March 2025",Affiliate,106.83
"Friday, 14 March 2025",Affiliate,107.44
"Saturday, 15 March 2025",Affiliate,111.13
"Sunday, 16 March 2025",Affiliate,74.88
"Monday, 17 March 2025",Affiliate,104.27
"Tuesday, 18 March 2025",Affiliate,106.76
"Wednesday, 19 March 2025",Affiliate,104.31
"Thursday, 20 March 2025",Affiliate,99.31
"Friday, 21 March 2025",Affiliate,81.88
"Saturday, 22 March 2025",Affiliate,93.7
"Sunday, 23 March 2025",Affiliate,106.15
"Monday, 24 March 2025",Affiliate,123.41
"Tuesday, 25 March 2025",Affiliate,99.68
"Wednesday, 26 March 2025",Affiliate,96.59
"Thursday, 27 March 2025",Affiliate,104.12
"Friday, 28 March 2025",Affiliate,105.22
"Saturday, 29 March 2025",Affiliate,99.69
"Sunday, 30 March 2025",Affiliate,94.54
"Monday, 31 March 2025",Affiliate,113.59
"Tuesday, 1 April 2025",Affiliate,108.92
"Wednesday, 2 April 2025",Affiliate,112.93
"Thursday, 3 April 2025",Affiliate,96.42
"Friday, 4 April 2025",Affiliate,102.07
"Saturday, 5 April 2025",Affiliate,97.52
"Sunday, 6 April 2025",Affiliate,83.48
"Monday, 7 April 2025",Affiliate,111.33
"Tuesday, 8 April 2025",Affiliate,108.32
"Wednesday, 9 April 2025",Affiliate,112.63
"Thursday, 10 April 2025",Affiliate,105.35
"Friday, 11 April 2025",Affiliate,96.55
"Saturday, 12 April 2025",Affiliate,92.63
"Sunday, 13 April 2025",Affiliate,86.98
"Monday, 14 April 2025",Affiliate,105.05
"Tuesday, 15 April 2025",Affiliate,108.52
"Wednesday, 16 April 2025",Affiliate,109.25
"Thursday, 17 April 2025",Affiliate,125.77
"Friday, 18 April 2025",Affiliate,114.73
"Saturday, 19 April 2025",Affiliate,91.03
"Sunday, 20 April 2025",Affiliate,93.5
"Monday, 21 April 2025",Affiliate,93.45
"Tuesday, 22 April 2025",Affiliate,100.27
"Wednesday, 23 April 2025",Affiliate,110
"Thursday, 24 April 2025",Affiliate,115.89
"Friday, 25 April 2025",Affiliate,103.76
"Saturday, 26 April 2025",Affiliate,100.78
"Sunday, 27 April 2025",Affiliate,93.79
"Monday, 28 April 2025",Affiliate,100.65
"Tuesday, 29 April 2025",Affiliate,113.54
"Wednesday, 30 April 2025",Affiliate,112.38
"Thursday, 1 May 2025",Affiliate,114.85
"Friday, 2 May 2025",Affiliate,103.18
"Saturday, 3 May 2025",Affiliate,105.7
"Sunday, 4 May 2025",Affiliate,82.28
"Monday, 5 May 2025",Affiliate,106.22
"Tuesday, 6 May 2025",Affiliate,127.74
"Wednesday, 7 May 2025",Affiliate,95.39
"Thursday, 8 May 2025",Affiliate,97.36
"Friday, 9 May 2025",Affiliate,104.26
"Saturday, 10 May 2025",Affiliate,89.6
"Sunday, 11 May 2025",Affiliate,80.07
"Monday, 12 May 2025",Affiliate,97.64
"Tuesday, 13 May 2025",Affiliate,95.51
"Wednesday, 14 May 2025",Affiliate,110.33
"Thursday, 15 May 2025",Affiliate,90.26
"Friday, 16 May 2025",Affiliate,112.38
"Saturday, 17 May 2025",Affiliate,89.61
"Sunday, 18 May 2025",Affiliate,102.54
"Monday, 19 May 2025",Affiliate,107.86
"Tuesday, 20 May 2025",Affiliate,90.67
"Wednesday, 21 May 2025",Affiliate,105.87
"Thursday, 22 May 2025",Affiliate,122.52
"Friday, 23 May 2025",Affiliate,92.32
"Saturday, 24 May 2025",Affiliate,95.33
"Sunday, 25 May 2025",Affiliate,96.96
"Monday, 26 May 2025",Affiliate,104.42
"Tuesday, 27 May 2025",Affiliate,95.45
"Wednesday, 28 May 2025",Affiliate,99.33
"Thursday, 29 May 2025",Affiliate,112.52
"Friday, 30 May 2025",Affiliate,105.73
"Saturday, 31 May 2025",Affiliate,93.3
"Sunday, 1 June 2025",Affiliate,77.58
"Monday, 2 June 2025",Affiliate,87.35
"Tuesday, 3 June 2025",Affiliate,86.97
"Wednesday, 4 June 2025",Affiliate,87.41
"Thursday, 5 June 2025",Affiliate,91.54
"Friday, 6 June 2025",Affiliate,99.02
"Saturday, 7 June 2025",Affiliate,83.18
"Sunday, 8 June 2025",Affiliate,70
"Monday, 9 June 2025",Affiliate,94.59
"Tuesday, 10 June 2025",Affiliate,82.78
"Wednesday, 11 June 2025",Affiliate,88.75
"Thursday, 12 June 2025",Affiliate,96.61
"Friday, 13 June 2025",Affiliate,78.14
"Saturday, 14 June 2025",Affiliate,91.78
"Sunday, 15 June 2025",Affiliate,84.08
"Monday, 16 June 2025",Affiliate,94.13
"Tuesday, 17 June 2025",Affiliate,104.51
"Wednesday, 18 June 2025",Affiliate,86.38
"Thursday, 19 June 2025",Affiliate,86.16
"Friday, 20 June 2025",Affiliate,82.48
"Saturday, 21 June 2025",Affiliate,74.13
"Sunday, 22 June 2025",Affiliate,78.66
"Monday, 23 June 2025",Affiliate,90.07
"Tuesday, 24 June 2025",Affiliate,87.97
"Wednesday, 25 June 2025",Affiliate,89.64
"Thursday, 26 June 2025",Affiliate,87.16
"Friday, 27 June 2025",Affiliate,97.45
"Saturday, 28 June 2025",Affiliate,81.68
"Sunday, 29 June 2025",Affiliate,94.3
"Monday, 30 June 2025",Affiliate,93.1
"Tuesday, 1 July 2025",Affiliate,72.02
"Wednesday, 2 July 2025",Affiliate,68.67
"Thursday, 3 July 2025",Affiliate,77.45
"Friday, 4 July 2025",Affiliate,72.24
"Saturday, 5 July 2025",Affiliate,74.1
"Sunday, 6 July 2025",Affiliate,71.25
"Monday, 7 July 2025",Affiliate,75.73
"Tuesday, 8 July 2025",Affiliate,73.11
"Wednesday, 9 July 2025",Affiliate,72.18
"Thursday, 10 July 2025",Affiliate,74.29
"Friday, 11 July 2025",Affiliate,84.33
"Saturday, 12 July 2025",Affiliate,71.32
"Sunday, 13 July 2025",Affiliate,62.29
"Monday, 14 July 2025",Affiliate,77.68
"Tuesday, 15 July 2025",Affiliate,78.05
"Wednesday, 16 July 2025",Affiliate,67.78
"Thursday, 17 July 2025",Affiliate,78.48
"Friday, 18 July 2025",Affiliate,71.6
"Saturday, 19 July 2025",Affiliate,64.41
"Sunday, 20 July 2025",Affiliate,75.93
"Monday, 21 July 2025",Affiliate,78.81
"Tuesday, 22 July 2025",Affiliate,78.74
"Wednesday, 23 July 2025",Affiliate,85.16
"Thursday, 24 July 2025",Affiliate,70.15
"Friday, 25 July 2025",Affiliate,70.49
"Saturday, 26 July 2025",Affiliate,68.33
"Sunday, 27 July 2025",Affiliate,69.99
"Monday, 28 July 2025",Affiliate,81.34
"Tuesday, 29 July 2025",Affiliate,95.33
"Wednesday, 30 July 2025",Affiliate,83.22
"Thursday, 31 July 2025",Affiliate,79.97
"Friday, 1 August 2025",Affiliate,82.01
"Saturday, 2 August 2025",Affiliate,75.41
"Sunday, 3 August 2025",Affiliate,71.57
"Monday, 4 August 2025",Affiliate,83.54
"Tuesday, 5 August 2025",Affiliate,79.14
"Wednesday, 6 August 2025",Affiliate,80.96
"Thursday, 7 August 2025",Affiliate,75.56
"Friday, 8 August 2025",Affiliate,77.75
"Saturday, 9 August 2025",Affiliate,87.92
"Sunday, 10 August 2025",Affiliate,62.3
"Monday, 11 August 2025",Affiliate,83.34
"Tuesday, 12 August 2025",Affiliate,67.55
"Wednesday, 13 August 2025",Affiliate,73.98
"Thursday, 14 August 2025",Affiliate,88.04
"Friday, 15 August 2025",Affiliate,78.08
"Saturday, 16 August 2025",Affiliate,65.95
"Sunday, 17 August 2025",Affiliate,68.1
"Monday, 18 August 2025",Affiliate,80.56
"Tuesday, 19 August 2025",Affiliate,76.75
"Wednesday, 20 August 2025",Affiliate,78.31
"Thursday, 21 August 2025",Affiliate,82.94
"Friday, 22 August 2025",Affiliate,71.54
"Saturday, 23 August 2025",Affiliate,84.78
"Sunday, 24 August 2025",Affiliate,78.44
"Monday, 25 August 2025",Affiliate,64.95
"Tuesday, 26 August 2025",Affiliate,75.32
"Wednesday, 27 August 2025",Affiliate,73.91
"Thursday, 28 August 2025",Affiliate,85.9
"Friday, 29 August 2025",Affiliate,72.62
"Saturday, 30 August 2025",Affiliate,75.18
"Sunday, 31 August 2025",Affiliate,78.18
"Monday, 1 September 2025",Affiliate,110.37
"Tuesday, 2 September 2025",Affiliate,85.64
"Wednesday, 3 September 2025",Affiliate,93.16
"Thursday, 4 September 2025",Affiliate,94.49
"Friday, 5 September 2025",Affiliate,98.91
"Saturday, 6 September 2025",Affiliate,102.98
"Sunday, 7 September 2025",Affiliate,82.56
"Monday, 8 September 2025",Affiliate,88.62
"Tuesday, 9 September 2025",Affiliate,102.46
"Wednesday, 10 September 2025",Affiliate,102.16
"Thursday, 11 September 2025",Affiliate,106.25
"Friday, 12 September 2025",Affiliate,81.83
"Saturday, 13 September 2025",Affiliate,87.04
"Sunday, 14 September 2025",Affiliate,95.89
"Monday, 15 September 2025",Affiliate,86.43
"Tuesday, 16 September 2025",Affiliate,98.77
"Wednesday, 17 September 2025",Affiliate,97.21
"Thursday, 18 September 2025",Affiliate,91.64
"Friday, 19 September 2025",Affiliate,98.57
"Saturday, 20 September 2025",Affiliate,67.67
"Sunday, 21 September 2025",Affiliate,83.59
"Monday, 22 September 2025",Affiliate,89.63
"Tuesday, 23 September 2025",Affiliate,92.02
"Wednesday, 24 September 2025",Affiliate,100.22
"Thursday, 25 September 2025",Affiliate,86.2
"Friday, 26 September 2025",Affiliate,95.02
"Saturday, 27 September 2025",Affiliate,94.58
"Sunday, 28 September 2025",Affiliate,97.87
"Monday, 29 September 2025",Affiliate,81.09
"Tuesday, 30 September 2025",Affiliate,104.35
"Wednesday, 1 October 2025",Affiliate,112.93
"Thursday, 2 October 2025",Affiliate,106.4
"Friday, 3 October 2025",Affiliate,107.84
"Saturday, 4 October 2025",Affiliate,94.46
"Sunday, 5 October 2025",Affiliate,93.21
"Monday, 6 October 2025",Affiliate,117.05
"Tuesday, 7 October 2025",Affiliate,113.82
"Wednesday, 8 October 2025",Affiliate,109.57
"Thursday, 9 October 2025",Affiliate,121.08
"Friday, 10 October 2025",Affiliate,120.64
"Saturday, 11 October 2025",Affiliate,96.86
"Sunday, 12 October 2025",Affiliate,109.82
"Monday, 13 October 2025",Affiliate,90.5
"Tuesday, 14 October 2025",Affiliate,111.98
"Wednesday, 15 October 2025",Affiliate,117.48
"Thursday, 16 October 2025",Affiliate,116.64
"Friday, 17 October 2025",Affiliate,103.13
"Saturday, 18 October 2025",Affiliate,89.11
"Sunday, 19 October 2025",Affiliate,99.89
"Monday, 20 October 2025",Affiliate,101.82
"Tuesday, 21 October 2025",Affiliate,106.5
"Wednesday, 22 October 2025",Affiliate,113.65
"Thursday, 23 October 2025",Affiliate,109.46
"Friday, 24 October 2025",Affiliate,119.16
"Saturday, 25 October 2025",Affiliate,106.24
"Sunday, 26 October 2025",Affiliate,114.33
"Monday, 27 October 2025",Affiliate,124.8
"Tuesday, 28 October 2025",Affiliate,109.12
"Wednesday, 29 October 2025",Affiliate,112.04
"Thursday, 30 October 2025",Affiliate,114.35
"Friday, 31 October 2025",Affiliate,112.27
"Saturday, 1 November 2025",Affiliate,152.06
"Sunday, 2 November 2025",Affiliate,146.25
"Monday, 3 November 2025",Affiliate,210.08
"Tuesday, 4 November 2025",Affiliate,162.5
"Wednesday, 5 November 2025",Affiliate,176.39
"Thursday, 6 November 2025",Affiliate,169.59
"Friday, 7 November 2025",Affiliate,164.79
"Saturday, 8 November 2025",Affiliate,184.78
"Sunday, 9 November 2025",Affiliate,153.36
"Monday, 10 November 2025",Affiliate,178.22
"Tuesday, 11 November 2025",Affiliate,177.85
"Wednesday, 12 November 2025",Affiliate,155.67
"Thursday, 13 November 2025",Affiliate,174.88
"Friday, 14 November 2025",Affiliate,168.66
"Saturday, 15 November 2025",Affiliate,150.38
"Sunday, 16 November 2025",Affiliate,150.28
"Monday, 17 November 2025",Affiliate,159.66
"Tuesday, 18 November 2025",Affiliate,175.58
"Wednesday, 19 November 2025",Affiliate,148.5
"Thursday, 20 November 2025",Affiliate,197.21
"Friday, 21 November 2025",Affiliate,154.86
"Saturday, 22 November 2025",Affiliate,134.13
"Sunday, 23 November 2025",Affiliate,163.27
"Monday, 24 November 2025",Affiliate,174.94
"Tuesday, 25 November 2025",Affiliate,176.53
"Wednesday, 26 November 2025",Affiliate,185.51
"Thursday, 27 November 2025",Affiliate,157.69
"Friday, 28 November 2025",Affiliate,160.44
"Saturday, 29 November 2025",Affiliate,156.77
"Sunday, 30 November 2025",Affiliate,151.47
"Monday, 1 December 2025",Affiliate,150.3
"Tuesday, 2 December 2025",Affiliate,134.76
"Wednesday, 3 December 2025",Affiliate,125.93
"Thursday, 4 December 2025",Affiliate,128.54
"Friday, 5 December 2025",Affiliate,152.06
"Saturday, 6 December 2025",Affiliate,123.23
"Sunday, 7 December 2025",Affiliate,124.4
"Monday, 8 December 2025",Affiliate,141.73
"Tuesday, 9 December 2025",Affiliate,130.95
"Wednesday, 10 December 2025",Affiliate,130.8
"Thursday, 11 December 2025",Affiliate,117.77
"Friday, 12 December 2025",Affiliate,131.49
"Saturday, 13 December 2025",Affiliate,114.39
"Sunday, 14 December 2025",Affiliate,115.53
"Monday, 15 December 2025",Affiliate,119.37
"Tuesday, 16 December 2025",Affiliate,137.22
"Wednesday, 17 December 2025",Affiliate,136.61
"Thursday, 18 December 2025",Affiliate,154.91
"Friday, 19 December 2025",Affiliate,154.66
"Saturday, 20 December 2025",Affiliate,124.84
"Sunday, 21 December 2025",Affiliate,124.12
"Monday, 22 December 2025",Affiliate,120.44
"Tuesday, 23 December 2025",Affiliate,126.8
"Wednesday, 24 December 2025",Affiliate,132.8
"Thursday, 25 December 2025",Affiliate,136.29
"Friday, 26 December 2025",Affiliate,122.98
"Saturday, 27 December 2025",Affiliate,132.53
"Sunday, 28 December 2025",Affiliate,141.35
"Monday, 29 December 2025",Affiliate,132.37
"Tuesday, 30 December 2025",Affiliate,138.28
"Wednesday, 31 December 2025",Affiliate,145.38